IDLOCAL,PRESTADOR,LOCAL,xcoord,ycoord,LUNES6HS_sum,LUNES7HS_sum,LUNES8HS_sum,LUNES9HS_sum,LUNES10HS_sum,LUNES11HS_sum,LUNES12HS_sum,LUNES13HS_sum,LUNES14HS_sum,LUNES15HS_sum,LUNES16HS_sum,LUNES17HS_sum,LUNES18HS_sum,LUNES19HS_sum,LUNES20HS_sum,LUNES21HS_sum,MARTES6HS_sum,MARTES7HS_sum,MARTES8HS_sum,MARTES9HS_sum,MARTES10HS_sum,MARTES11HS_sum,MARTES12HS_sum,MARTES13HS_sum,MARTES14HS_sum,MARTES15HS_sum,MARTES16HS_sum,MARTES17HS_sum,MARTES18HS_sum,MARTES19HS_sum,MARTES20HS_sum,MARTES21HS_sum,MIERCOLES6HS_sum,MIERCOLES7HS_sum,MIERCOLES8HS_sum,MIERCOLES9HS_sum,MIERCOLES10HS_sum,MIERCOLES11HS_sum,MIERCOLES12HS_sum,MIERCOLES13HS_sum,MIERCOLES14HS_sum,MIERCOLES15HS_sum,MIERCOLES16HS_sum,MIERCOLES17HS_sum,MIERCOLES18HS_sum,MIERCOLES19HS_sum,MIERCOLES20HS_sum,MIERCOLES21HS_sum,JUEVES6HS_sum,JUEVES7HS_sum,JUEVES8HS_sum,JUEVES9HS_sum,JUEVES10HS_sum,JUEVES11HS_sum,JUEVES12HS_sum,JUEVES13HS_sum,JUEVES14HS_sum,JUEVES15HS_sum,JUEVES16HS_sum,JUEVES17HS_sum,JUEVES18HS_sum,JUEVES19HS_sum,JUEVES20HS_sum,JUEVES21HS_sum,VIERNES6HS_sum,VIERNES7HS_sum,VIERNES8HS_sum,VIERNES9HS_sum,VIERNES10HS_sum,VIERNES11HS_sum,VIERNES12HS_sum,VIERNES13HS_sum,VIERNES14HS_sum,VIERNES15HS_sum,VIERNES16HS_sum,VIERNES17HS_sum,VIERNES18HS_sum,VIERNES19HS_sum,VIERNES20HS_sum,VIERNES21HS_sum,SABADO6HS_sum,SABADO7HS_sum,SABADO8HS_sum,SABADO9HS_sum,SABADO10HS_sum,SABADO11HS_sum,SABADO12HS_sum,SABADO13HS_sum,SABADO14HS_sum,SABADO15HS_sum,SABADO16HS_sum,SABADO17HS_sum,SABADO18HS_sum,SABADO19HS_sum,SABADO20HS_sum,SABADO21HS_sum
101,ASSE,C. VIEJA,571998,6136887,0,0,1.00,1.00,2.00,2.00,1.00,1.00,1.00,1.00,0,0,0,0,0,0,0,1.00,3.00,3.00,4.00,3.00,2.00,2.00,2.00,2.00,0,0,0,0,0,0,0,1.00,3.00,3.00,3.00,3.00,2.00,2.00,2.00,2.00,2.00,0,0,0,0,0,0,0,4.00,4.00,4.00,4.00,2.00,2.00,1.00,1.00,0,0,0,0,0,0,0,0,2.00,2.00,2.00,2.00,0,1.00,1.00,1.00,1.00,0,0,0,0,0,0,0,0,0,0,0,0,0,0,0,0,0,0,0,0,0
102,ASSE,CERRO,568395,6140651,0,3.00,3.00,3.00,4.00,4.00,5.00,7.00,7.00,7.00,4.00,3.00,2.00,1.00,0,0,0,2.00,4.00,4.00,4.00,4.00,3.00,3.00,4.00,3.00,3.00,2.00,0,0,0,0,0,3.00,4.00,4.00,4.00,3.00,4.00,4.00,4.00,4.00,1.00,1.00,0,0,0,0,0,3.00,3.00,3.00,3.00,4.00,4.00,4.00,4.00,3.00,2.00,1.00,0,0,0,0,0,2.00,5.00,5.00,5.00,5.00,5.00,5.00,5.00,5.00,3.00,3.00,1.00,0,0,0,0,0,0,1.00,1.00,1.00,1.00,0,0,0,0,0,0,0,0,0
103,ASSE,Cerro / 3 Ombues,568969,6142809,0,0,1.00,1.00,1.00,1.00,0,0,0,0,0,0,0,0,0,0,0,0,0,0,0,0,2.00,2.00,2.00,2.00,0,0,0,0,0,0,0,0,1.00,1.00,1.00,1.00,0,0,0,0,0,0,0,0,0,0,0,0,0,0,0,0,1.00,1.00,1.00,1.00,0,0,0,0,0,0,0,0,2.00,3.00,3.00,3.00,2.00,0,0,0,0,0,0,0,0,0,0,0,0,0,0,0,0,0,0,0,0,0,0,0,0,0
104,ASSE,CERRO / 6 de diciembre,568948,6145338,0,0,1.00,1.00,1.00,1.00,0,0,0,0,0,0,0,0,0,0,0,0,1.00,1.00,1.00,1.00,0,0,0,0,0,0,0,0,0,0,0,0,1.00,1.00,1.00,1.00,0,0,0,0,0,0,0,0,0,0,0,0,2.00,2.00,2.00,2.00,0,0,0,0,0,0,0,0,0,0,0,0,1.00,1.00,1.00,1.00,0,0,0,0,0,0,0,0,0,0,0,0,0,0,0,0,0,0,0,0,0,0,0,0,0,0
105,ASSE,CERRO/ 19 de abril,568542,6144012,0,0,1.00,1.00,1.00,1.00,1.00,1.00,1.00,0,0,0,0,0,0,0,0,0,1.00,1.00,1.00,1.00,1.00,2.00,2.00,1.00,0,0,0,0,0,0,0,0,1.00,1.00,1.00,2.00,1.00,1.00,1.00,0,0,0,0,0,0,0,0,0,1.00,1.00,1.00,1.00,1.00,1.00,1.00,1.00,0,0,0,0,0,0,0,0,1.00,1.00,1.00,2.00,1.00,1.00,1.00,0,0,0,0,0,0,0,0,0,0,0,0,0,0,0,0,0,0,0,0,0,0,0
106,ASSE,CERRO/ Aldeas Infantiles,560534,6148576,0,0,0,0,0,0,0,0,0,0,0,0,0,0,0,0,0,0,0,0,0,0,0,0,0,0,0,0,0,0,0,0,0,0,1.00,1.00,1.00,1.00,0,0,0,0,0,0,0,0,0,0,0,0,0,0,0,0,0,1.00,1.00,1.00,1.00,0,0,0,0,0,0,0,0,0,0,0,0,0,0,0,0,0,0,0,0,0,0,0,0,0,0,0,0,0,0,0,0,0,0,0,0,0
107,ASSE,CERRO/ Cadorna,569088,6143242,0,0,1.00,1.00,1.00,1.00,0,0,0,0,0,0,0,0,0,0,0,0,1.00,1.00,1.00,1.00,0,0,0,0,0,0,0,0,0,0,0,0,1.00,1.00,1.00,1.00,0,0,0,0,0,0,0,0,0,0,0,0,1.00,1.00,1.00,1.00,0,0,0,0,0,0,0,0,0,0,0,0,1.00,1.00,1.00,1.00,0,0,0,0,0,0,0,0,0,0,0,0,0,0,0,0,0,0,0,0,0,0,0,0,0,0
108,ASSE,CERRO/ Casa de Mario,571224,6141600,0,0,0,0,0,0,0,0,1.00,1.00,1.00,1.00,0,0,0,0,0,0,1.00,1.00,1.00,1.00,0,0,0,0,0,0,0,0,0,0,0,0,0,0,0,0,0,0,0,0,0,0,0,0,0,0,0,0,0,0,0,0,0,0,1.00,1.00,1.00,1.00,0,0,0,0,0,0,0,0,0,0,0,1.00,1.00,1.00,1.00,0,0,0,0,0,0,0,0,0,0,0,0,0,0,0,0,0,0,0,0,0
109,ASSE,CERRO/ El Tobogán,568583,6141551,0,0,1.00,1.00,1.00,1.00,1.00,1.00,1.00,1.00,1.00,0,0,0,0,0,0,0,0,0,0,0,0,0,0,0,0,0,0,0,0,0,0,1.00,1.00,1.00,1.00,0,0,0,0,0,0,0,0,0,0,0,0,1.00,1.00,1.00,1.00,0,1.00,1.00,1.00,1.00,1.00,0,0,0,0,0,0,1.00,1.00,1.00,1.00,0,0,1.00,1.00,1.00,1.00,1.00,0,0,0,0,0,0,0,0,0,0,0,0,0,0,0,0,0,0,0,0
110,ASSE,CERRO/ ESPARETACO,562318,6145970,0,0,1.00,1.00,1.00,1.00,0,0,0,0,0,0,0,0,0,0,0,0,1.00,1.00,1.00,1.00,0,0,0,0,0,0,0,0,0,0,0,0,1.00,1.00,1.00,1.00,0,0,0,0,0,0,0,0,0,0,0,0,1.00,1.00,1.00,1.00,0,0,0,0,0,0,0,0,0,0,0,0,1.00,1.00,1.00,1.00,0,0,0,0,0,0,0,0,0,0,0,0,0,0,0,0,0,0,0,0,0,0,0,0,0,0
111,ASSE,CERRO/ Jardines  de las Torres,566336,6143965,0,1.00,1.00,1.00,1.00,0,0,0,0,0,0,0,0,0,0,0,0,0,0,0,0,0,0,0,0,0,0,0,0,0,0,0,0,0,1.00,1.00,1.00,1.00,0,0,0,0,0,0,0,0,0,0,0,0,0,0,1.00,1.00,1.00,0,0,0,0,0,0,0,0,0,0,1.00,1.00,1.00,1.00,1.00,0,0,0,0,0,0,0,0,0,0,0,0,0,0,0,0,0,0,0,0,0,0,0,0,0,0
112,ASSE,CERRO/ La Boyada,568480,6142420,0,1.00,1.00,1.00,1.00,0,0,0,0,0,0,0,0,0,0,0,0,1.00,1.00,1.00,1.00,0,0,0,0,0,0,0,0,0,0,0,0,1.00,1.00,1.00,0,0,0,0,0,0,0,0,0,0,0,0,0,1.00,1.00,0,0,0,0,0,0,0,0,0,0,0,0,0,0,1.00,1.00,0,0,0,0,0,0,0,0,0,0,0,0,0,0,0,0,0,0,0,0,0,0,0,0,0,0,0,0,0
113,ASSE,CERRO/ Los Bulevares,565609,6146513,0,0,0,0,1.00,1.00,1.00,1.00,0,0,0,0,0,0,0,0,0,1.00,1.00,1.00,1.00,0,0,0,0,0,0,0,0,0,0,0,0,1.00,1.00,1.00,1.00,0,0,0,0,0,0,0,0,0,0,0,0,1.00,1.00,1.00,1.00,0,0,0,0,0,0,0,0,0,0,0,0,1.00,2.00,2.00,2.00,1.00,0,0,0,0,0,0,0,0,0,0,0,0,0,0,0,0,0,0,0,0,0,0,0,0,0,0
114,ASSE,CERRO/ Maracaná Norte,566966,6143351,0,0,1.00,1.00,1.00,1.00,0,0,0,0,0,0,0,0,0,0,0,0,1.00,1.00,1.00,1.00,0,0,0,0,0,0,0,0,0,0,0,0,2.00,2.00,2.00,2.00,0,0,0,0,0,0,0,0,0,0,0,0,1.00,1.00,1.00,1.00,0,0,0,0,0,0,0,0,0,0,0,0,1.00,1.00,1.00,1.00,0,0,0,0,0,0,0,0,0,0,0,0,0,0,0,0,0,0,0,0,0,0,0,0,0,0
115,ASSE,CERRO/ Maracaná Sur,566692,6142927,0,0,1.00,1.00,2.00,2.00,1.00,1.00,1.00,1.00,1.00,0,0,0,0,0,0,0,2.00,2.00,2.00,2.00,1.00,1.00,1.00,1.00,1.00,0,0,0,0,0,0,0,0,0,0,0,0,1.00,1.00,1.00,1.00,0,0,0,0,0,0,0,1.00,1.00,1.00,1.00,1.00,1.00,1.00,1.00,0,0,0,0,0,0,0,0,0,0,1.00,1.00,1.00,1.00,0,0,0,0,0,0,0,0,0,0,0,0,0,0,0,0,0,0,0,0,0,0,0,0
116,ASSE,CERRO/ Monserrat,569253,6142631,0,0,1.00,1.00,1.00,0,0,0,0,0,0,0,0,0,0,0,0,0,0,0,0,0,1.00,1.00,1.00,0,0,0,0,0,0,0,0,0,0,0,0,0,0,0,0,0,0,0,0,0,0,0,0,0,1.00,1.00,1.00,1.00,1.00,0,0,0,0,0,0,0,0,0,0,0,0,0,0,0,0,0,0,0,0,0,0,0,0,0,0,0,0,0,0,0,0,0,0,0,0,0,0,0,0,0
117,ASSE,CERRO/ Nuevo Amanecer,566642,6140099,0,1.00,1.00,1.00,1.00,0,0,0,1.00,1.00,0,0,0,0,0,0,0,2.00,2.00,2.00,2.00,1.00,0,0,1.00,1.00,0,0,0,0,0,0,0,1.00,1.00,1.00,1.00,0,0,0,1.00,1.00,1.00,0,0,0,0,0,0,1.00,1.00,1.00,1.00,0,0,0,1.00,1.00,1.00,0,0,0,0,0,0,1.00,1.00,1.00,1.00,0,0,0,0,0,0,0,0,0,0,0,0,0,0,0,0,0,0,0,0,0,0,0,0,0,0,0
118,ASSE,CERRO/ Pajas Blancas,560793,6141609,0,0,0,0,0,0,0,0,0,1.00,1.00,1.00,1.00,0,0,0,0,0,0,0,0,0,0,1.00,1.00,1.00,1.00,0,0,0,0,0,0,0,2.00,2.00,2.00,2.00,1.00,1.00,0,0,0,0,0,0,0,0,0,0,1.00,1.00,1.00,1.00,0,0,0,0,0,0,0,0,0,0,0,0,2.00,2.00,2.00,2.00,0,0,0,0,0,0,0,0,0,0,0,0,0,0,0,0,0,0,0,0,0,0,0,0,0,0
119,ASSE,Cerro/ Pol IMM la TEJA,569970,6142082,0,0,0,1.00,1.00,1.00,1.00,1.00,0,0,0,0,0,0,0,0,0,0,0,1.00,1.00,1.00,1.00,1.00,0,0,0,0,0,0,0,0,0,0,1.00,1.00,0,0,0,0,0,0,0,0,0,0,0,0,0,0,0,1.00,1.00,1.00,0,0,0,0,0,0,0,0,0,0,0,0,0,1.00,1.00,1.00,1.00,1.00,0,0,0,0,0,0,0,0,0,0,0,0,0,0,0,0,0,0,0,0,0,0,0,0
120,ASSE,CERRO/ Santa Catalina,564581,6139385,0,0,2.00,2.00,2.00,2.00,1.00,1.00,0,0,0,0,0,0,0,0,0,0,0,0,0,0,1.00,2.00,2.00,2.00,1.00,0,0,0,0,0,0,0,1.00,1.00,1.00,1.00,0,1.00,1.00,1.00,1.00,0,0,0,0,0,0,0,0,0,0,1.00,1.00,2.00,2.00,2.00,1.00,0,0,0,0,0,0,0,0,0,0,0,0,1.00,1.00,1.00,1.00,0,0,0,0,0,0,0,0,0,0,0,0,0,0,0,0,0,0,0,0,0
121,ASSE,CERRO/ Santiago Vázquez,559147,6150204,0,0,1.00,1.00,1.00,2.00,1.00,1.00,1.00,1.00,1.00,0,0,0,0,0,0,0,1.00,1.00,1.00,1.00,0,0,0,0,0,0,0,0,0,0,0,0,1.00,1.00,1.00,1.00,0,0,0,0,0,0,0,0,0,0,0,0,1.00,1.00,1.00,1.00,0,0,0,0,0,0,0,0,0,0,0,0,1.00,1.00,1.00,1.00,0,0,0,0,0,0,0,0,0,0,0,0,0,0,0,0,0,0,0,0,0,0,0,0,0,0
122,ASSE,CERRO/ Villa Sarandí,567951,6144057,0,0,1.00,1.00,1.00,1.00,0,0,0,0,0,0,0,0,0,0,0,0,1.00,1.00,1.00,1.00,0,0,0,0,0,0,0,0,0,0,0,0,1.00,1.00,1.00,1.00,0,0,0,0,0,0,0,0,0,0,0,0,1.00,1.00,1.00,1.00,0,0,0,0,0,0,0,0,0,0,0,0,1.00,1.00,1.00,1.00,0,0,0,0,0,0,0,0,0,0,0,0,0,0,0,0,0,0,0,0,0,0,0,0,0,0
123,ASSE,CERRO/CAPOLONIO,570330,6142865,0,0,1.00,1.00,1.00,1.00,1.00,1.00,1.00,0,0,0,0,0,0,0,0,0,1.00,1.00,1.00,1.00,1.00,1.00,0,0,0,0,0,0,0,0,0,0,1.00,1.00,1.00,1.00,1.00,1.00,1.00,0,0,0,0,0,0,0,0,0,0,0,0,0,0,0,0,0,0,0,0,0,0,0,0,0,0,0,0,0,1.00,1.00,1.00,0,0,0,0,0,0,0,0,0,0,0,0,0,0,0,0,0,0,0,0,0,0,0
124,ASSE,CERRO/Covicenova,566887,6141513,0,0,1.00,1.00,1.00,1.00,1.00,0,0,0,0,0,0,0,0,0,0,0,1.00,1.00,1.00,1.00,1.00,0,0,0,0,0,0,0,0,0,0,0,0,0,0,0,1.00,1.00,1.00,1.00,0,0,0,0,0,0,0,0,0,0,0,0,0,0,0,0,0,0,0,0,0,0,0,0,0,0,0,0,0,1.00,1.00,1.00,1.00,1.00,0,0,0,0,0,0,0,0,0,0,0,0,0,0,0,0,0,0,0,0
125,ASSE,CERRO/CRO,558997,6145759,0,0,1.00,1.00,1.00,1.00,0,0,0,0,0,0,0,0,0,0,0,0,1.00,1.00,1.00,1.00,0,0,0,0,0,0,0,0,0,0,0,0,1.00,1.00,1.00,1.00,0,0,0,0,0,0,0,0,0,0,0,0,1.00,1.00,1.00,1.00,0,0,0,0,0,0,0,0,0,0,0,0,1.00,1.00,1.00,1.00,0,0,0,0,0,0,0,0,0,0,0,0,0,0,0,0,0,0,0,0,0,0,0,0,0,0
126,ASSE,CLAVEAUX,575795,6141128,0,0,0,2.00,2.00,2.00,2.00,2.00,1.00,1.00,0,0,0,0,0,0,0,0,1.00,2.00,2.00,2.00,1.00,1.00,0,1.00,1.00,0,0,0,0,0,0,0,2.00,3.00,3.00,3.00,2.00,2.00,2.00,1.00,0,0,0,0,0,0,0,0,1.00,3.00,3.00,3.00,2.00,2.00,1.00,1.00,0,1.00,1.00,1.00,0,0,0,0,1.00,3.00,3.00,3.00,2.00,2.00,1.00,1.00,0,0,0,0,0,0,0,0,0,0,0,0,0,0,0,0,0,0,0,0,0,0
127,ASSE,CLAVEAUX / CAPURRO,571482,6141011,0,0,0,1.00,1.00,1.00,1.00,1.00,0,0,0,0,0,0,0,0,0,0,0,0,0,0,0,0,0,0,0,0,0,0,0,0,0,0,0,1.00,1.00,1.00,1.00,1.00,0,0,0,0,0,0,0,0,0,0,0,1.00,1.00,1.00,1.00,1.00,0,0,0,0,0,0,0,0,0,0,0,0,0,0,0,0,0,0,0,0,0,0,0,0,0,0,0,0,0,0,0,0,0,0,0,0,0,0,0,0
128,ASSE,GIORDANO,575506,6142634,0,0,2.00,2.00,2.00,2.00,0,0,1.00,1.00,1.00,0,0,0,0,0,0,0,2.00,2.00,2.00,2.00,0,0,1.00,1.00,1.00,0,0,0,0,0,0,0,3.00,4.00,4.00,4.00,1.00,1.00,1.00,1.00,1.00,0,0,0,0,0,0,0,2.00,3.00,4.00,4.00,2.00,1.00,1.00,1.00,0,0,0,0,0,0,0,0,1.00,1.00,1.00,1.00,0,0,0,0,0,0,0,0,0,0,0,0,0,0,0,0,0,0,0,0,0,0,0,0,0,0
129,ASSE,GIORDANO / LBV,574311,6143428,0,0,0,0,0,0,0,0,0,0,0,0,0,0,0,0,0,0,1.00,1.00,1.00,1.00,1.00,1.00,1.00,0,0,0,0,0,0,0,0,0,0,0,0,0,0,0,0,0,0,0,0,0,0,0,0,0,1.00,1.00,1.00,1.00,1.00,1.00,1.00,0,0,0,0,0,0,0,0,0,1.00,1.00,1.00,1.00,1.00,1.00,1.00,0,0,0,0,0,0,0,0,0,0,0,0,0,0,0,0,0,0,0,0,0,0,0
130,ASSE,GIORDANO / San Lorenzo,575613,6143641,0,0,0,1.00,1.00,1.00,1.00,0,0,0,0,0,0,0,0,0,0,0,2.00,2.00,2.00,2.00,2.00,0,0,0,0,0,0,0,0,0,0,0,2.00,2.00,2.00,1.00,1.00,0,0,0,0,0,0,0,0,0,0,0,0,0,0,0,0,1.00,1.00,1.00,1.00,1.00,1.00,0,0,0,0,0,1.00,1.00,1.00,1.00,1.00,1.00,0,0,0,0,0,0,0,0,0,0,0,0,0,0,0,0,0,0,0,0,0,0,0,0
131,ASSE,JARDINES,580214,6144337,0,0,3.00,5.00,5.00,5.00,5.00,2.00,3.00,3.00,3.00,2.00,2.00,2.00,0,0,0,0,2.00,3.00,3.00,3.00,2.00,1.00,3.00,3.00,3.00,2.00,1.00,1.00,0,0,0,0,4.00,5.00,5.00,5.00,2.00,1.00,2.00,2.00,1.00,1.00,0,0,0,0,0,0,3.00,4.00,4.00,4.00,3.00,3.00,5.00,4.00,3.00,3.00,3.00,1.00,0,0,0,0,4.00,6.00,6.00,6.00,3.00,3.00,3.00,3.00,2.00,2.00,1.00,1.00,0,0,0,0,0,0,0,0,0,0,0,0,0,0,0,0,0,0
132,ASSE,JARDINES / 8 DE MARZO,587642,6151441,0,0,1.00,1.00,1.00,1.00,0,0,0,0,0,0,0,0,0,0,0,0,1.00,1.00,1.00,1.00,0,0,0,0,0,0,0,0,0,0,0,0,1.00,1.00,1.00,1.00,0,0,0,0,0,0,0,0,0,0,0,0,1.00,1.00,1.00,1.00,0,0,0,0,0,0,0,0,0,0,0,0,1.00,1.00,1.00,1.00,0,0,0,0,0,0,0,0,0,0,0,0,0,0,0,0,0,0,0,0,0,0,0,0,0,0
133,ASSE,JARDINES / 24 de Junio,582996,6148952,0,0,0,0,0,0,0,0,1.00,1.00,1.00,1.00,0,0,0,0,0,0,0,1.00,1.00,1.00,1.00,0,0,0,0,0,0,0,0,0,0,0,0,0,0,0,0,0,1.00,1.00,1.00,1.00,0,0,0,0,0,0,0,1.00,1.00,1.00,1.00,0,0,0,0,0,0,0,0,0,0,0,0,1.00,1.00,1.00,1.00,0,0,0,0,0,0,0,0,0,0,0,0,0,0,0,0,0,0,0,0,0,0,0,0,0
134,ASSE,JARDINES / COVIPRO,585769,6150269,0,0,0,0,0,0,0,0,0,0,0,0,0,0,0,0,0,0,0,1.00,1.00,1.00,1.00,0,0,0,0,0,0,0,0,0,0,0,0,0,0,0,0,0,0,0,0,0,0,0,0,0,0,0,0,0,0,0,0,0,0,0,0,0,0,0,0,0,0,0,0,0,0,0,0,0,0,0,0,0,0,0,0,0,0,0,0,0,0,0,0,0,0,0,0,0,0,0,0,0
135,ASSE,JARDINES / DON BOSCO,583493,6148565,0,0,0,1.00,1.00,1.00,1.00,0,1.00,1.00,1.00,1.00,0,0,0,0,0,0,0,2.00,2.00,2.00,2.00,1.00,1.00,1.00,1.00,0,0,0,0,0,0,0,0,1.00,1.00,1.00,1.00,1.00,1.00,1.00,1.00,0,0,0,0,0,0,0,0,1.00,1.00,1.00,1.00,1.00,0,0,0,0,0,0,0,0,0,0,0,0,0,0,0,1.00,1.00,1.00,1.00,0,0,0,0,0,0,0,0,0,0,0,0,0,0,0,0,0,0,0,0,0
136,ASSE,JARDINES / EL MONARCA,588346,6151244,0,0,1.00,1.00,1.00,1.00,1.00,1.00,1.00,1.00,0,0,0,0,0,0,0,0,1.00,1.00,1.00,1.00,1.00,0,0,0,0,0,0,0,0,0,0,0,0,0,0,0,1.00,1.00,1.00,1.00,0,0,0,0,0,0,0,0,2.00,2.00,2.00,2.00,1.00,0,0,0,0,0,0,0,0,0,0,0,1.00,1.00,1.00,1.00,1.00,0,0,0,0,0,0,0,0,0,0,0,0,0,0,0,0,0,0,0,0,0,0,0,0,0
137,ASSE,JARDINES / LOS ZORZALES,586678,6151374,0,0,1.00,1.00,1.00,1.00,1.00,1.00,1.00,0,0,0,0,0,0,0,0,0,1.00,1.00,1.00,1.00,0,0,0,0,0,0,0,0,0,0,0,0,1.00,1.00,1.00,1.00,0,0,0,0,0,0,0,0,0,0,0,0,1.00,1.00,1.00,0,0,0,0,0,0,0,0,0,0,0,0,0,1.00,1.00,1.00,0,0,0,0,0,0,0,0,0,0,0,0,0,0,0,0,0,0,0,0,0,0,0,0,0,0,0
138,ASSE,JARDINES / ULISES FAVARO,581123,6143510,0,1.00,1.00,1.00,1.00,0,0,0,0,0,0,0,0,0,0,0,0,1.00,1.00,1.00,1.00,0,0,0,0,0,0,0,0,0,0,0,0,0,0,0,0,0,0,0,0,0,0,1.00,1.00,1.00,0,0,0,0,0,0,0,0,0,0,0,1.00,1.00,1.00,1.00,0,0,0,0,0,0,0,0,0,0,0,0,0,0,1.00,1.00,1.00,0,0,0,0,0,0,0,0,0,0,0,0,0,0,0,0,0,0
139,ASSE,JARDINES / VILLA FARRÉ,581793,6147084,0,0,2.00,2.00,2.00,2.00,0,0,0,0,0,0,0,0,0,0,0,0,1.00,1.00,1.00,1.00,0,0,1.00,1.00,1.00,1.00,0,0,0,0,0,0,0,0,0,0,2.00,2.00,3.00,3.00,3.00,0,0,0,0,0,0,0,1.00,1.00,2.00,2.00,3.00,2.00,2.00,2.00,1.00,0,0,0,0,0,0,0,2.00,2.00,2.00,2.00,0,0,0,0,0,0,0,0,0,0,0,0,0,0,0,0,0,0,0,0,0,0,0,0,0,0
140,ASSE,LA CRUZ,582544,6140832,0,0,1.00,2.00,2.00,2.00,1.00,2.00,2.00,3.00,3.00,1.00,1.00,0,0,0,0,0,1.00,2.00,2.00,3.00,2.00,2.00,2.00,1.00,1.00,0,0,0,0,0,0,0,1.00,2.00,2.00,2.00,0,2.00,2.00,2.00,2.00,0,0,0,0,0,0,0,2.00,3.00,3.00,3.00,1.00,2.00,2.00,2.00,2.00,0,0,0,0,0,0,0,0,1.00,1.00,1.00,0,2.00,3.00,3.00,3.00,1.00,1.00,0,0,0,0,0,0,0,0,0,0,0,0,0,0,0,0,0,0,0
141,ASSE,LA CRUZ /         CARRASCO NORTE,585376,6140253,0,0,0,0,0,0,1.00,1.00,1.00,1.00,0,0,0,0,0,0,0,0,0,0,0,0,1.00,1.00,1.00,1.00,0,0,0,0,0,0,0,0,0,0,0,0,1.00,1.00,1.00,1.00,0,0,0,0,0,0,0,0,0,0,0,0,1.00,1.00,1.00,1.00,0,0,0,0,0,0,0,0,0,0,0,0,1.00,1.00,1.00,1.00,0,0,0,0,0,0,0,0,0,0,0,0,0,0,0,0,0,0,0,0,0,0
142,ASSE,LA CRUZ /  DR.  MANUEL LIBEROFF,581159,6140729,0,0,0,0,0,0,0,0,2.00,2.00,2.00,0,0,0,0,0,0,0,0,2.00,2.00,2.00,2.00,0,0,0,0,0,0,0,0,0,0,0,0,1.00,1.00,1.00,1.00,2.00,2.00,2.00,2.00,0,0,0,0,0,0,0,0,0,0,0,0,0,2.00,2.00,2.00,2.00,0,0,0,0,0,0,0,0,1.00,1.00,2.00,2.00,2.00,2.00,0,0,0,0,0,0,0,0,0,0,0,0,0,0,0,0,0,0,0,0,0,0
143,ASSE,LA CRUZ /  DR. YANICELLI,580609,6140826,0,0,1.00,1.00,1.00,1.00,1.00,1.00,1.00,1.00,0,0,0,0,0,0,0,0,1.00,1.00,1.00,1.00,1.00,1.00,1.00,1.00,0,0,0,0,0,0,0,0,1.00,2.00,2.00,2.00,3.00,3.00,3.00,1.00,0,0,0,0,0,0,0,0,0,0,0,0,1.00,1.00,1.00,1.00,0,0,0,0,0,0,0,0,0,1.00,1.00,1.00,2.00,3.00,3.00,2.00,1.00,0,0,0,0,0,0,0,0,1.00,1.00,1.00,1.00,1.00,0,0,0,0,0,0,0,0
144,ASSE,MAROÑAS,578646,6143874,0,0,1.00,2.00,2.00,2.00,1.00,2.00,2.00,2.00,2.00,0,0,0,0,0,0,1.00,2.00,2.00,2.00,2.00,1.00,1.00,1.00,1.00,1.00,0,0,0,0,0,0,0,1.00,1.00,1.00,1.00,2.00,3.00,3.00,2.00,1.00,0,0,0,0,0,0,0,1.00,1.00,1.00,1.00,1.00,1.00,1.00,1.00,1.00,0,0,0,0,0,0,0,1.00,1.00,1.00,1.00,0,2.00,2.00,2.00,2.00,0,0,0,0,0,0,0,0,0,0,0,0,0,0,0,0,0,0,0,0,0
145,ASSE,MAROÑAS/ FRATERNIDAD,576242,6141883,0,0,1.00,1.00,1.00,1.00,1.00,1.00,1.00,1.00,1.00,0,0,0,0,0,0,0,1.00,1.00,1.00,1.00,0,0,0,0,0,0,0,0,0,0,0,0,1.00,1.00,1.00,1.00,2.00,2.00,2.00,2.00,2.00,0,0,0,0,0,0,0,1.00,1.00,1.00,1.00,0,0,0,1.00,1.00,0,0,0,0,0,0,0,0,0,0,0,0,0,0,0,0,0,0,0,0,0,0,0,0,0,0,0,0,0,0,0,0,0,0,0,0,0
146,ASSE,MISURRACO,576960,6144929,0,0,1.00,3.00,3.00,3.00,2.00,1.00,1.00,1.00,0,0,0,0,0,0,0,0,2.00,2.00,2.00,2.00,1.00,1.00,1.00,1.00,0,0,0,0,0,0,0,0,2.00,2.00,3.00,3.00,3.00,2.00,1.00,1.00,0,0,0,0,0,0,0,0,2.00,3.00,3.00,3.00,1.00,1.00,1.00,1.00,0,0,0,0,0,0,0,0,0,1.00,1.00,1.00,1.00,1.00,2.00,2.00,0,0,0,0,0,0,0,0,0,0,0,0,0,0,0,0,0,0,0,0,0,0
147,ASSE,MISURRACO /  A. LANZA,575903,6146332,0,0,1.00,1.00,1.00,1.00,0,0,0,0,1.00,1.00,1.00,1.00,0,0,0,0,1.00,1.00,1.00,1.00,0,0,0,0,0,0,0,0,0,0,0,0,1.00,1.00,1.00,1.00,0,0,0,0,1.00,1.00,1.00,1.00,0,0,0,0,0,0,0,0,1.00,1.00,1.00,0,0,0,0,0,0,0,0,0,1.00,1.00,1.00,1.00,0,0,0,0,1.00,1.00,1.00,1.00,0,0,0,0,0,0,0,0,0,0,0,0,0,0,0,0,0,0
148,ASSE,MISURRACO /  LOS REYES,577154,6146219,0,0,1.00,1.00,1.00,1.00,0,0,0,0,0,0,0,0,0,0,0,0,1.00,1.00,1.00,1.00,0,0,0,0,0,0,0,0,0,0,0,0,1.00,2.00,2.00,2.00,2.00,1.00,1.00,1.00,1.00,0,0,0,0,0,0,0,1.00,1.00,1.00,1.00,1.00,2.00,1.00,1.00,1.00,0,0,0,0,0,0,0,0,0,0,0,0,1.00,1.00,1.00,1.00,0,0,0,0,0,0,0,0,0,0,0,0,0,0,0,0,0,0,0,0,0
149,ASSE,MISURRACO / CASAVALLE IMM,575507,6144933,0,1.00,2.00,2.00,2.00,1.00,0,0,0,0,0,0,0,0,0,0,0,0,0,0,0,1.00,1.00,2.00,2.00,2.00,1.00,0,0,0,0,0,0,0,0,0,0,1.00,1.00,2.00,2.00,2.00,1.00,0,0,0,0,0,0,0,1.00,1.00,1.00,1.00,0,1.00,1.00,1.00,1.00,0,0,0,0,0,0,1.00,1.00,1.00,1.00,0,0,0,0,0,0,0,0,0,0,0,0,0,0,0,0,0,0,0,0,0,0,0,0,0,0,0
150,ASSE,MISURRACO / LAS ACACIAS,577345,6144348,0,0,3.00,3.00,3.00,3.00,2.00,1.00,0,0,0,0,0,0,0,0,0,0,2.00,2.00,2.00,2.00,3.00,3.00,2.00,2.00,2.00,0,0,0,0,0,0,0,1.00,1.00,1.00,1.00,2.00,2.00,1.00,1.00,1.00,0,0,0,0,0,0,0,1.00,1.00,1.00,1.00,1.00,1.00,0,0,0,0,0,0,0,0,0,0,1.00,1.00,1.00,1.00,1.00,1.00,0,0,0,0,0,0,0,0,0,0,0,0,0,0,0,0,0,0,0,0,0,0,0,0
151,ASSE,MISURRACO / PLEMU,574996,6144812,0,0,0,0,0,0,0,0,0,0,0,0,0,0,0,0,0,1.00,1.00,1.00,1.00,0,0,0,0,0,0,0,0,0,0,0,0,0,0,0,0,0,0,0,0,0,0,0,0,0,0,0,0,1.00,1.00,1.00,1.00,0,0,0,0,0,0,0,0,0,0,0,0,0,0,0,0,0,0,0,0,0,0,0,0,0,0,0,0,0,0,0,0,0,0,0,0,0,0,0,0,0,0,0
152,ASSE,MISURRACO /SAN MARTIN II,576026,6146290,0,0,2.00,2.00,3.00,3.00,2.00,2.00,1.00,1.00,1.00,0,0,0,0,0,0,0,1.00,1.00,1.00,1.00,1.00,1.00,0,0,0,0,0,0,0,0,0,0,0,0,0,1.00,1.00,1.00,1.00,1.00,1.00,0,0,0,0,0,0,0,0,0,0,0,0,0,0,0,0,0,0,0,0,0,0,0,1.00,1.00,2.00,2.00,2.00,2.00,1.00,1.00,1.00,0,0,0,0,0,0,0,0,0,0,0,0,0,0,0,0,0,0,0,0,0
156,ASSE,P. B. ANEXO,578676,6146643,0,0,0,0,0,0,0,1.00,1.00,1.00,1.00,0,0,0,0,0,0,0,1.00,1.00,1.00,1.00,1.00,0,0,0,0,0,0,0,0,0,0,0,0,0,0,0,0,0,0,0,0,0,0,0,0,0,0,0,0,0,0,0,0,0,0,0,0,0,0,0,0,0,0,0,0,0,0,0,1.00,1.00,1.00,1.00,1.00,0,0,0,0,0,0,0,0,0,0,0,0,0,0,0,0,0,0,0,0,0
157,ASSE,P. BLANCAS,578536,6146406,0,2.00,4.00,4.00,4.00,5.00,2.00,2.00,2.00,2.00,1.00,0,0,0,0,0,0,1.00,3.00,3.00,3.00,5.00,4.00,4.00,4.00,3.00,0,0,0,0,0,0,0,0,4.00,5.00,5.00,5.00,3.00,5.00,5.00,5.00,3.00,0,0,0,0,0,0,0,4.00,4.00,4.00,5.00,2.00,4.00,4.00,3.00,1.00,1.00,0,0,0,0,0,1.00,3.00,4.00,4.00,5.00,2.00,2.00,2.00,2.00,1.00,0,0,0,0,0,0,0,0,0,0,0,0,0,0,0,0,0,0,0,0,0
158,ASSE,P. BLANCAS / ARTIGAS,576524,6148122,0,0,1.00,2.00,2.00,2.00,2.00,1.00,0,0,0,0,0,0,0,0,0,0,0,0,0,0,0,1.00,1.00,1.00,1.00,1.00,0,0,0,0,0,0,0,0,0,0,0,0,0,0,0,0,0,0,0,0,0,0,0,1.00,1.00,1.00,1.00,2.00,1.00,1.00,1.00,1.00,1.00,0,0,0,0,0,0,0,0,0,1.00,2.00,2.00,2.00,1.00,1.00,0,0,0,0,0,0,0,0,0,0,0,0,0,0,0,0,0,0,0,0
159,ASSE,P. BLANCAS / ASENT. 23 DIC.,577067,6150336,0,0,0,0,0,0,0,0,0,0,1.00,1.00,1.00,1.00,0,0,0,0,0,0,0,0,0,0,0,0,0,0,0,0,0,0,0,0,0,0,0,0,0,0,0,0,0,0,0,0,0,0,0,0,0,1.00,1.00,1.00,1.00,0,0,0,0,0,0,0,0,0,0,0,0,0,0,0,0,0,0,0,0,0,0,0,0,0,0,0,0,0,0,0,0,0,0,0,1.00,1.00,1.00,0,0,0
160,ASSE,P. BLANCAS / CAPRA,580370,6148520,1.00,1.00,2.00,2.00,1.00,1.00,1.00,1.00,1.00,0,0,0,0,0,0,0,1.00,1.00,2.00,2.00,1.00,1.00,1.00,1.00,0,0,0,0,0,0,0,0,0,1.00,2.00,2.00,1.00,0,0,0,0,0,0,0,0,0,0,0,0,1.00,1.00,1.00,1.00,0,0,0,0,0,0,0,0,0,0,0,0,1.00,1.00,1.00,1.00,0,0,0,0,0,0,0,0,0,0,0,0,0,0,0,0,0,0,0,0,0,0,0,0,0,0,0
161,ASSE,P. BLANCAS / CIRILO,579778,6150098,0,0,2.00,2.00,3.00,3.00,1.00,1.00,1.00,0,0,0,0,0,0,0,0,0,1.00,1.00,1.00,1.00,1.00,1.00,1.00,0,0,0,0,0,0,0,0,0,2.00,2.00,2.00,1.00,0,0,0,0,0,0,0,0,0,0,0,0,0,0,0,0,1.00,1.00,1.00,0,0,0,0,0,0,0,0,0,1.00,1.00,2.00,2.00,1.00,1.00,1.00,0,0,0,0,0,0,0,0,0,0,0,0,0,0,0,0,0,0,0,0,0,0,0
162,ASSE,P. BLANCAS / FENIX,577859,6149042,0,0,0,0,0,0,0,0,0,0,0,0,0,0,0,0,0,0,0,0,1.00,1.00,1.00,1.00,0,0,0,0,0,0,0,0,0,0,0,0,0,0,0,0,0,0,0,0,0,0,0,0,0,0,0,0,0,0,0,0,0,0,0,0,0,0,0,0,0,0,0,0,0,0,0,0,0,0,0,0,1.00,1.00,0,0,0,0,0,0,0,0,0,1.00,1.00,1.00,0,0,0,0,0,0
163,ASSE,P. BLANCAS / STA. MARÍA,579342,6145883,0,0,1.00,1.00,1.00,1.00,0,0,0,0,0,0,0,0,0,0,0,0,1.00,1.00,1.00,1.00,0,0,0,0,0,0,0,0,0,0,0,0,1.00,1.00,1.00,1.00,0,0,0,0,0,0,0,0,0,0,0,0,0,0,0,0,0,0,0,0,0,0,0,0,0,0,0,0,1.00,1.00,1.00,1.00,0,0,0,0,0,0,0,0,0,0,0,0,0,0,0,0,0,0,0,0,0,0,0,0,0,0
164,ASSE,P. BLANCAS / TOLEDO  CHICO,581444,6153540,0,0,0,1.00,1.00,1.00,1.00,2.00,2.00,1.00,1.00,0,0,0,0,0,0,0,0,0,0,0,0,0,0,0,0,0,0,0,0,0,0,0,0,1.00,1.00,1.00,1.00,1.00,1.00,0,0,0,0,0,0,0,0,0,0,1.00,1.00,1.00,1.00,1.00,1.00,0,0,0,0,0,0,0,0,0,0,0,0,0,0,0,0,0,0,0,0,0,0,0,0,0,0,0,0,0,0,0,0,0,0,0,0,0,0,0
165,ASSE,SAYAGO,571377,6145317,0,0,3.00,4.00,4.00,4.00,3.00,2.00,1.00,0,0,0,0,0,0,0,0,0,3.00,3.00,3.00,3.00,1.00,2.00,2.00,2.00,1.00,0,0,0,0,0,0,0,2.00,2.00,2.00,2.00,1.00,2.00,2.00,2.00,2.00,0,0,0,0,0,0,0,3.00,3.00,3.00,3.00,2.00,3.00,3.00,3.00,1.00,0,0,0,0,0,0,0,2.00,2.00,1.00,1.00,1.00,2.00,1.00,1.00,1.00,0,0,0,0,0,0,0,0,0,0,0,0,0,0,0,0,0,0,0,0,0
166,ASSE,SAYAGO / H. SARTHOU,570314,6146382,0,0,2.00,2.00,2.00,2.00,1.00,1.00,0,0,0,0,0,0,0,0,0,0,1.00,1.00,1.00,1.00,1.00,1.00,1.00,1.00,0,0,0,0,0,0,0,0,1.00,1.00,1.00,1.00,2.00,2.00,2.00,2.00,1.00,1.00,0,0,0,0,0,0,0,0,0,0,0,0,0,0,0,0,0,0,0,0,0,0,1.00,1.00,1.00,1.00,1.00,2.00,1.00,1.00,1.00,1.00,1.00,0,0,0,0,0,0,0,0,0,0,0,0,0,0,0,0,0,0,0
167,ASSE,SAYAGO/ 25 AGOSTO,570156,6150231,0,0,0,0,1.00,1.00,1.00,1.00,1.00,1.00,0,0,0,0,0,0,0,0,0,1.00,1.00,1.00,0,0,0,0,0,0,0,0,0,0,0,0,0,0,0,0,0,1.00,2.00,2.00,0,0,0,0,0,0,0,0,0,0,0,0,1.00,1.00,1.00,1.00,0,0,0,0,0,0,0,0,0,0,0,0,1.00,2.00,2.00,1.00,0,0,0,0,0,0,0,0,0,0,0,0,0,0,0,0,0,0,0,0,0,0
168,ASSE,SAYAGO/ C.AMERICA,570596,6149040,0,0,1.00,1.00,1.00,1.00,0,0,0,0,0,0,0,0,0,0,0,0,0,0,0,0,1.00,1.00,1.00,1.00,0,0,0,0,0,0,0,0,1.00,1.00,1.00,1.00,0,0,0,0,0,0,0,0,0,0,0,0,0,0,0,0,0,0,0,0,0,0,0,0,0,0,0,0,0,0,0,0,2.00,2.00,2.00,2.00,0,0,0,0,0,0,0,0,0,0,0,0,0,0,0,0,0,0,0,0,0,0
169,ASSE,SAYAGO/ COVIN 9,573789,6144000,0,1.00,1.00,1.00,1.00,1.00,0,0,0,0,0,0,0,0,0,0,0,0,0,0,0,0,0,0,0,0,0,0,0,0,0,0,0,0,0,0,0,0,0,1.00,1.00,1.00,1.00,1.00,0,0,0,0,0,0,0,0,0,0,0,1.00,1.00,1.00,1.00,1.00,0,0,0,0,0,1.00,2.00,2.00,2.00,2.00,0,0,0,0,0,0,0,0,0,0,0,0,0,0,0,0,0,0,0,0,0,0,0,0,0,0
170,ASSE,SAYAGO/ CUANTHEMOC,571813,6147983,0,0,0,0,0,0,0,1.00,1.00,1.00,1.00,1.00,1.00,1.00,1.00,0,0,0,0,0,0,0,0,1.00,1.00,1.00,1.00,1.00,1.00,1.00,1.00,0,0,0,0,0,0,0,0,1.00,1.00,1.00,1.00,1.00,1.00,1.00,1.00,0,0,0,0,0,0,0,0,0,0,0,0,0,0,0,0,0,0,0,1.00,1.00,1.00,1.00,1.00,1.00,0,0,0,0,0,0,0,0,0,0,0,0,0,0,0,0,0,0,0,0,0,0,0,0
171,ASSE,SAYAGO/ J. PEÑAROL,571954,6147280,0,0,0,0,0,0,0,1.00,2.00,2.00,1.00,1.00,0,0,0,0,0,0,1.00,1.00,1.00,1.00,1.00,1.00,1.00,0,0,0,0,0,0,0,0,0,1.00,1.00,1.00,1.00,1.00,1.00,1.00,1.00,0,0,0,0,0,0,0,0,1.00,1.00,1.00,1.00,1.00,1.00,1.00,1.00,1.00,0,0,0,0,0,0,0,1.00,1.00,1.00,1.00,0,0,0,0,0,0,0,0,0,0,0,0,0,0,0,0,0,0,0,0,0,0,0,0,0,0
172,ASSE,SAYAGO/ MOREL,573825,6144409,0,0,0,1.00,1.00,1.00,1.00,1.00,1.00,1.00,0,0,0,0,0,0,0,0,1.00,2.00,2.00,2.00,1.00,1.00,1.00,0,0,0,0,0,0,0,0,0,0,1.00,1.00,1.00,1.00,1.00,1.00,1.00,0,0,0,0,0,0,0,0,1.00,1.00,1.00,1.00,1.00,1.00,1.00,0,0,0,0,0,0,0,0,0,1.00,2.00,2.00,2.00,1.00,1.00,1.00,0,0,0,0,0,0,0,0,0,0,0,0,0,0,0,0,0,0,0,0,0,0,0
173,ASSE,SAYAGO/ SAN JOSÉ,568707,6149208,0,0,0,1.00,1.00,1.00,1.00,1.00,0,0,0,0,0,0,0,0,0,0,0,0,0,0,0,0,1.00,1.00,1.00,0,0,0,0,0,0,0,1.00,1.00,1.00,1.00,1.00,1.00,1.00,1.00,0,0,0,0,0,0,0,0,0,1.00,1.00,1.00,1.00,1.00,1.00,1.00,0,0,0,0,0,0,0,0,1.00,2.00,2.00,1.00,1.00,1.00,1.00,1.00,0,0,0,0,0,0,0,0,0,0,0,0,0,0,0,0,0,0,0,0,0,0
174,ASSE,SAYAGO/ UDAI II,570676,6145897,0,0,0,0,0,0,1.00,1.00,1.00,1.00,0,0,0,0,0,0,0,0,0,0,0,0,0,0,0,0,0,0,0,0,0,0,0,0,0,0,0,0,0,0,0,0,0,0,0,0,0,0,0,0,1.00,1.00,1.00,1.00,0,0,0,0,0,0,0,0,0,0,0,0,0,0,0,0,1.00,1.00,1.00,1.00,0,0,0,0,0,0,0,0,0,0,0,0,0,0,0,0,0,0,0,0,0,0
175,ASSE,SAYAGO/ V. TERESA,570417,6144898,0,0,0,1.00,1.00,1.00,1.00,1.00,1.00,1.00,1.00,0,0,0,0,0,0,0,0,0,1.00,1.00,1.00,2.00,1.00,1.00,1.00,0,0,0,0,0,0,0,2.00,2.00,2.00,2.00,0,1.00,1.00,1.00,1.00,0,0,0,0,0,0,0,0,1.00,1.00,1.00,1.00,1.00,1.00,1.00,1.00,0,0,0,0,0,0,0,0,1.00,1.00,1.00,1.00,1.00,1.00,1.00,1.00,0,0,0,0,0,0,0,0,0,0,0,0,0,0,0,0,0,0,0,0,0
176,ASSE,SAYAGO/LA TABLADA,568477,6148517,0,0,0,0,0,0,0,0,0,0,0,0,0,0,0,0,0,0,0,0,0,0,0,0,0,0,0,0,0,0,0,0,0,0,0,0,0,0,2.00,2.00,2.00,1.00,0,0,0,0,0,0,0,0,0,0,0,0,0,0,0,0,0,0,0,0,0,0,0,0,0,0,0,0,0,0,0,0,0,0,0,0,0,0,0,0,0,0,0,0,0,0,0,0,0,0,0,0,0,0
177,ASSE,SAYAGO/N. ESPERANZA,570045,6147656,0,0,1.00,2.00,2.00,2.00,1.00,0,0,0,0,0,0,0,0,0,0,0,1.00,2.00,2.00,2.00,1.00,1.00,1.00,1.00,1.00,0,0,0,0,0,0,0,1.00,3.00,3.00,3.00,2.00,2.00,2.00,0,0,0,0,0,0,0,0,0,0,0,0,1.00,2.00,3.00,3.00,1.00,1.00,0,0,0,0,0,0,0,1.00,1.00,2.00,2.00,1.00,1.00,1.00,1.00,1.00,0,0,0,0,0,0,0,0,0,0,0,0,0,0,0,0,0,0,0,0,0
178,ASSE,UNIÓN,579381,6142435,0,0,1.00,2.00,2.00,2.00,3.00,3.00,3.00,1.00,0,0,0,0,0,0,0,0,1.00,1.00,1.00,1.00,1.00,1.00,1.00,1.00,1.00,0,0,0,0,0,0,0,0,2.00,2.00,2.00,2.00,1.00,1.00,1.00,0,0,0,0,0,0,0,0,0,1.00,2.00,2.00,1.00,2.00,2.00,2.00,1.00,0,0,0,0,0,0,0,1.00,2.00,2.00,2.00,1.00,1.00,0,0,0,0,0,0,0,0,0,0,0,0,0,0,0,0,0,0,0,0,0,0,0,0
179,ASSE,UNIÓN / ARGERICH,579434,6141553,0,0,2.00,2.00,2.00,2.00,0,0,0,0,0,0,0,0,0,0,0,0,2.00,2.00,2.00,2.00,0,0,0,0,0,0,0,0,0,0,0,0,2.00,2.00,2.00,2.00,0,0,0,0,0,0,0,0,0,0,0,0,2.00,2.00,2.00,1.00,0,0,0,0,0,0,0,0,0,0,0,0,2.00,2.00,2.00,2.00,0,0,0,0,0,0,0,0,0,0,0,0,0,0,0,0,0,0,0,0,0,0,0,0,0,0
180,ASSE,UNIÓN / LA CASONA,580773,6142003,0,0,1.00,1.00,2.00,3.00,2.00,2.00,1.00,1.00,0,0,0,0,0,0,0,0,1.00,1.00,2.00,2.00,1.00,1.00,0,0,0,0,0,0,0,0,0,0,0,0,1.00,2.00,1.00,1.00,1.00,1.00,0,0,0,0,0,0,0,0,1.00,1.00,2.00,1.00,0,1.00,1.00,1.00,0,0,0,0,0,0,0,0,1.00,1.00,3.00,2.00,1.00,0,0,0,0,0,0,0,0,0,0,0,0,0,0,0,0,0,0,0,0,0,0,0,0,0
181,ASSE,UNIÓN / LEÓN DUARTE,578187,6141952,0,0,1.00,1.00,1.00,1.00,0,0,0,0,0,0,0,0,0,0,0,0,1.00,1.00,1.00,1.00,1.00,1.00,1.00,1.00,0,0,0,0,0,0,0,0,1.00,1.00,1.00,1.00,0,0,0,0,0,0,0,0,0,0,0,0,2.00,2.00,2.00,2.00,2.00,0,0,0,0,0,0,0,0,0,0,0,1.00,1.00,1.00,1.00,1.00,1.00,1.00,1.00,1.00,0,0,0,0,0,0,0,0,0,0,0,0,0,0,0,0,0,0,0,0,0
201,ASOCIACION ESPANOLA,Clínica del Prado,572716,6141266,0,0,1.00,1.00,0,0,0,0,0,0,0,1.00,1.00,0,0,0,0,0,1.00,2.00,1.00,0,0,0,0,0,0,0,0,0,0,0,0,0,0,0,1.00,1.00,0,2.00,2.00,0,0,0,0,0,0,0,0,0,1.00,1.00,0,0,0,0,0,0,1.00,1.00,1.00,1.00,0,0,0,0,0,0,1.00,1.00,1.00,1.00,0,0,0,0,0,0,0,0,0,0,0,0,0,0,0,0,0,0,0,0,0,0,0,0
202,ASOCIACION ESPANOLA,Clínica Las Torres,578827,6137123,0,0,1.00,1.00,1.00,0,2.00,2.00,0,1.00,1.00,1.00,1.00,1.00,1.00,0,0,0,1.00,1.00,1.00,0,0,1.00,1.00,1.00,2.00,1.00,0,0,0,0,0,0,1.00,1.00,1.00,0,1.00,2.00,1.00,0,0,1.00,1.00,1.00,1.00,0,0,0,0,1.00,1.00,0,0,0,0,3.00,3.00,2.00,2.00,2.00,0,0,0,0,1.00,2.00,1.00,2.00,2.00,2.00,1.00,1.00,1.00,2.00,1.00,1.00,0,0,0,0,0,0,0,0,0,0,0,0,0,0,0,0,0,0
203,ASOCIACION ESPANOLA,Clínica Nuevo Centro,576102,6141076,0,0,0,0,0,1.00,1.00,0,0,1.00,1.00,1.00,0,0,0,0,0,0,0,0,1.00,1.00,1.00,0,0,0,1.00,1.00,0,0,0,0,0,0,0,0,1.00,1.00,1.00,1.00,1.00,0,1.00,1.00,1.00,0,0,0,0,0,0,0,0,1.00,1.00,1.00,1.00,1.00,1.00,0,0,0,0,0,0,0,0,0,0,1.00,1.00,0,0,0,0,0,0,0,0,0,0,0,0,0,2.00,2.00,0,0,0,0,0,0,0,0,0,0
204,ASOCIACION ESPANOLA,Clínica Punta Gorda,584062,6138414,0,0,0,0,1.00,1.00,0,0,0,0,0,0,0,0,0,0,0,0,0,0,0,0,0,0,0,0,1.00,1.00,0,0,0,0,0,0,1.00,1.00,0,0,0,0,0,0,0,0,0,0,0,0,0,0,0,0,0,0,0,0,0,0,0,0,0,0,0,0,0,0,0,0,0,0,0,0,0,0,0,0,0,0,0,0,0,0,0,1.00,1.00,1.00,0,0,0,0,0,0,0,0,0,0
205,ASOCIACION ESPANOLA,Policlínica Belvedere,571134,6142612,0,0,0,0,0,0,1.00,1.00,1.00,1.00,0,0,0,0,0,0,0,0,0,0,0,0,0,0,0,0,0,0,0,0,0,0,0,0,0,0,0,0,0,1.00,1.00,0,0,0,0,0,0,0,0,0,1.00,1.00,0,0,0,0,0,1.00,1.00,0,0,0,0,0,0,0,0,0,0,0,0,0,0,0,0,0,0,0,0,0,0,0,0,0,0,0,0,0,0,0,0,0,0,0,0,0
206,ASOCIACION ESPANOLA,Policlínica Cerro,568548,6139800,0,0,0,0,0,0,0,1.00,1.00,1.00,0,0,0,0,0,0,0,0,0,0,1.00,1.00,0,0,0,0,0,0,0,0,0,0,0,0,0,0,0,0,0,0,1.00,1.00,0,0,0,0,0,0,0,0,0,0,1.00,1.00,0,0,0,0,0,0,0,0,0,0,0,0,0,0,0,0,0,1.00,1.00,0,0,0,0,0,0,0,0,0,1.00,1.00,0,0,0,0,0,0,0,0,0,0,0,0
207,ASOCIACION ESPANOLA,Policlínica Maroñas,577626,6144261,0,0,0,0,0,0,0,0,0,1.00,1.00,0,0,0,0,0,0,0,0,0,0,0,0,1.00,1.00,0,0,0,0,0,0,0,0,0,0,0,0,0,0,0,0,0,0,0,0,0,0,0,0,0,0,0,0,0,0,0,0,0,0,0,0,0,0,0,0,0,0,0,1.00,1.00,0,0,0,0,0,0,0,0,0,0,0,0,0,0,0,0,0,0,0,0,0,0,0,0,0,0
208,ASOCIACION ESPANOLA,Policlínica Paso de la Arena,566342,6144925,0,0,0,0,0,0,0,0,0,0,0,0,0,0,0,0,0,0,0,0,0,0,1.00,1.00,1.00,0,0,0,0,0,0,0,0,0,0,0,1.00,1.00,0,0,0,0,0,0,0,0,0,0,0,0,0,0,0,0,1.00,1.00,1.00,0,0,0,0,0,0,0,0,0,1.00,1.00,0,0,0,0,0,0,0,0,0,0,0,0,0,0,0,0,0,0,0,0,0,0,0,0,0,0,0,0
209,ASOCIACION ESPANOLA,Policlínica Unión,579001,6141112,0,0,0,1.00,1.00,0,0,0,0,0,0,0,0,0,0,0,0,0,0,0,0,0,0,0,0,0,0,0,0,0,0,0,0,0,0,0,0,0,0,1.00,1.00,0,0,0,0,0,0,0,0,0,0,0,1.00,1.00,0,0,0,0,0,0,0,0,0,0,0,0,0,0,0,0,1.00,1.00,0,0,0,0,0,0,0,0,0,0,0,0,0,0,0,0,0,0,0,0,0,0,0,0
210,ASOCIACION ESPANOLA,Sede Central,576325,6137654,0,0,1.00,3.00,2.00,2.00,2.00,1.00,1.00,2.00,3.00,4.00,3.00,3.00,1.00,0,0,0,3.00,4.00,4.00,3.00,3.00,3.00,2.00,3.00,3.00,3.00,2.00,2.00,1.00,0,0,0,3.00,3.00,2.00,0,2.00,2.00,4.00,4.00,3.00,2.00,3.00,3.00,0,0,0,0,2.00,3.00,2.00,3.00,3.00,3.00,3.00,3.00,2.00,3.00,4.00,3.00,1.00,0,0,1.00,3.00,3.00,2.00,1.00,2.00,2.00,2.00,2.00,2.00,1.00,3.00,3.00,1.00,0,0,0,2.00,2.00,1.00,0,0,0,0,0,0,0,0,0,0,0
301,CASA DE GALICIA,Policlínica Central,574490,6137262,0,0,0,0,0,0,0,0,0,0,0,0,0,0,0,0,0,0,0,0,0,0,0,0,0,0,0,1.00,1.00,1.00,0,0,0,0,0,0,0,0,0,0,0,0,0,0,0,0,0,0,0,0,0,0,1.00,1.00,1.00,0,0,0,0,0,0,0,0,0,0,0,0,0,0,0,0,0,0,0,0,1.00,1.00,1.00,0,0,0,0,0,0,1.00,1.00,1.00,0,0,0,0,0,0,0,0,0
302,CASA DE GALICIA,Policlínica Jose Ma. Barreiro,568419,6140609,0,0,0,0,0,1.00,1.00,1.00,0,0,0,0,0,0,0,0,0,0,0,0,0,1.00,1.00,1.00,0,0,0,0,0,0,0,0,0,0,0,0,0,0,0,0,0,0,0,0,0,0,0,0,0,0,0,0,0,0,0,1.00,1.00,1.00,0,0,0,0,0,0,0,0,0,0,0,0,0,0,0,0,0,0,0,0,0,0,0,0,0,0,0,0,0,0,0,0,0,0,0,0,0,0
303,CASA DE GALICIA,Policlìnica La Coruña,579177,6141778,0,0,0,0,1.00,1.00,1.00,0,0,0,0,0,0,0,0,0,0,0,0,0,0,0,1.00,1.00,1.00,0,0,0,0,0,0,0,0,0,0,0,0,0,0,0,0,0,0,0,0,0,0,0,0,0,0,0,1.00,1.00,1.00,0,1.00,1.00,1.00,0,0,0,0,0,0,0,0,0,0,0,0,0,0,0,0,0,0,0,0,0,0,0,0,0,0,0,0,0,0,0,0,0,0,0,0,0
304,CASA DE GALICIA,Policlínica Lugo,583739,6139500,0,0,0,0,0,0,0,1.00,1.00,1.00,0,0,0,0,0,0,0,0,0,0,0,0,0,0,0,0,0,0,0,0,0,0,0,0,0,0,0,0,0,0,0,0,0,1.00,1.00,1.00,0,0,0,0,0,0,0,0,0,0,0,0,0,0,0,0,0,0,0,0,0,0,0,0,0,0,0,1.00,1.00,1.00,0,0,0,0,0,0,0,0,0,0,0,0,0,0,0,0,0,0,0,0
307,CASA DE GALICIA,Policlinica S. De Compostela,573783,6141630,0,0,0,0,0,0,0,0,0,0,0,0,0,0,0,0,0,0,0,0,0,0,0,0,0,1.00,1.00,1.00,0,0,0,0,0,0,0,0,0,0,0,0,0,0,0,0,0,0,0,0,0,0,0,0,0,0,0,0,0,0,0,0,0,0,0,0,0,0,0,0,1.00,1.00,1.00,0,0,0,0,0,0,0,0,0,0,0,0,0,0,0,0,0,0,0,0,0,0,0,0,0
308,CASA DE GALICIA,Sanatorio,572419,6144134,0,0,0,1.00,1.00,1.00,0,1.00,1.00,1.00,1.00,1.00,1.00,0,0,0,0,0,0,0,1.00,1.00,2.00,1.00,1.00,0,0,0,0,0,0,0,0,0,0,0,0,0,0,0,0,0,1.00,1.00,1.00,0,0,0,0,0,0,1.00,1.00,1.00,0,0,0,0,0,1.00,1.00,1.00,0,0,0,0,0,0,0,0,0,0,0,0,0,0,0,0,0,0,0,0,0,0,0,0,0,0,0,0,0,0,0,0,0,0
401,CASMU,AGRACIADA,572206,6141694,0,0,1.00,2.00,2.00,1.00,1.00,2.00,1.00,0,1.00,1.00,2.00,1.00,0,0,0,0,1.00,2.00,2.00,2.00,1.00,1.00,0,0,0,0,0,0,0,0,0,0,1.00,2.00,2.00,2.00,2.00,0,1.00,1.00,0,1.00,1.00,0,0,0,0,0,0,0,0,0,0,0,1.00,2.00,3.00,3.00,3.00,2.00,0,0,0,0,0,1.00,1.00,1.00,1.00,0,0,0,0,0,0,0,0,0,0,0,0,0,0,0,0,0,0,0,0,0,0,0,0,0
402,CASMU,BULEVAR,576376,6137222,0,1.00,2.00,1.00,1.00,1.00,1.00,1.00,0,0,0,0,1.00,1.00,0,0,0,0,0,0,0,0,1.00,1.00,1.00,1.00,1.00,0,0,0,0,0,0,0,1.00,1.00,1.00,0,0,0,0,0,0,0,0,0,0,0,0,1.00,1.00,1.00,0,0,0,1.00,1.00,1.00,0,0,1.00,1.00,1.00,0,0,0,1.00,1.00,1.00,1.00,0,0,0,0,0,0,0,0,0,0,0,0,1.00,1.00,1.00,1.00,0,0,0,0,0,0,0,0,0,0
403,CASMU,CENTRO MED PORTONES,583426,6140063,0,0,1.00,1.00,1.00,1.00,0,0,0,0,0,1.00,1.00,1.00,0,0,0,0,1.00,1.00,1.00,1.00,0,0,0,0,0,0,0,0,0,0,0,0,1.00,1.00,1.00,1.00,0,1.00,1.00,1.00,0,0,0,0,0,0,0,0,0,1.00,1.00,1.00,1.00,2.00,2.00,2.00,1.00,0,0,0,0,0,0,0,0,0,0,0,0,1.00,1.00,0,0,1.00,1.00,0,0,0,0,0,0,0,0,0,0,0,0,0,0,0,0,0,0,0
404,CASMU,Centro Médico CERRO,568437,6140602,0,1.00,1.00,2.00,1.00,0,0,0,0,0,0,0,1.00,1.00,0,0,0,1.00,2.00,2.00,2.00,2.00,0,0,0,1.00,1.00,0,0,0,0,0,0,0,0,0,0,0,0,0,1.00,2.00,1.00,1.00,0,0,0,0,0,1.00,1.00,1.00,1.00,0,0,0,0,0,0,1.00,1.00,1.00,0,0,0,0,1.00,1.00,0,0,0,0,0,0,0,0,0,0,0,0,0,0,0,0,0,0,0,0,0,0,0,0,0,0,0,0
405,CASMU,Centro Médico COLÓN,571004,6148551,0,0,0,1.00,1.00,1.00,1.00,1.00,1.00,1.00,1.00,0,0,0,0,0,0,0,1.00,2.00,2.00,2.00,2.00,2.00,1.00,0,0,0,0,0,0,0,0,0,0,0,0,1.00,1.00,1.00,1.00,1.00,0,0,0,0,0,0,0,0,0,1.00,1.00,1.00,1.00,1.00,0,0,0,0,0,0,0,0,0,0,0,1.00,1.00,1.00,1.00,1.00,1.00,1.00,1.00,1.00,1.00,0,0,0,0,0,0,0,0,0,0,0,0,0,0,0,0,0,0,0
406,CASMU,Centro Médico GRAL. FLORES,576381,6142484,0,0,0,0,0,0,0,1.00,1.00,1.00,0,0,0,0,0,0,0,0,0,0,0,0,1.00,1.00,1.00,0,0,0,0,0,0,0,0,0,0,0,0,1.00,1.00,1.00,2.00,1.00,1.00,0,0,0,0,0,0,0,0,0,0,0,1.00,1.00,1.00,0,0,0,0,0,0,0,0,0,0,0,0,0,1.00,1.00,1.00,0,0,0,0,0,0,0,0,0,0,1.00,1.00,1.00,1.00,0,0,0,0,0,0,0,0,0
407,CASMU,Centro Médico LA BLANQUEADA – “Dr. Julio García Otero”,577602,6139423,0,0,0,0,0,0,1.00,1.00,0,0,0,0,0,0,0,0,0,0,0,1.00,1.00,1.00,0,0,0,0,0,0,0,0,0,0,0,0,1.00,1.00,0,0,0,0,0,0,1.00,2.00,2.00,0,0,0,0,0,0,0,0,0,0,0,0,0,0,0,0,0,0,0,0,0,1.00,1.00,1.00,1.00,1.00,1.00,1.00,1.00,1.00,0,0,0,0,0,0,0,0,0,0,0,0,0,0,0,0,0,0,0,0,0
408,CASMU,Centro Médico MALVÍN NORTE,580626,6140843,0,0,1.00,1.00,1.00,1.00,1.00,1.00,0,0,0,0,0,0,0,0,0,0,1.00,1.00,1.00,1.00,0,0,0,0,0,0,0,0,0,0,0,0,1.00,1.00,1.00,1.00,0,0,0,0,0,0,0,0,0,0,0,0,1.00,1.00,1.00,1.00,1.00,1.00,0,0,0,0,0,0,0,0,0,0,0,0,0,0,1.00,1.00,1.00,1.00,0,0,0,0,0,0,0,0,0,0,0,0,0,0,0,0,0,0,0,0,0,0
409,CASMU,Centro Médico MALVIN SUR,581786,6138512,0,0,0,0,0,0,0,1.00,1.00,1.00,0,0,0,0,0,0,0,0,0,0,0,0,1.00,1.00,1.00,1.00,0,0,0,0,0,0,0,0,1.00,2.00,2.00,1.00,1.00,0,0,0,0,0,1.00,1.00,0,0,0,0,0,1.00,1.00,1.00,0,0,0,0,0,0,0,0,0,0,0,0,0,0,0,0,0,0,0,0,0,0,0,0,0,0,0,0,0,0,0,0,0,0,0,0,0,0,0,0,0,0
410,CASMU,CENTRO MEDICO PASO DE LA ARENA,566741,6144820,0,0,0,0,0,0,0,0,0,0,0,1.00,1.00,0,0,0,0,0,1.00,1.00,1.00,0,0,0,0,0,0,0,0,0,0,0,0,0,0,1.00,1.00,1.00,1.00,0,0,0,0,0,0,0,0,0,0,0,0,0,1.00,1.00,0,0,1.00,1.00,1.00,0,0,0,0,0,0,0,0,0,0,0,0,0,0,0,0,1.00,1.00,0,0,0,0,0,0,0,0,0,0,0,0,0,0,0,0,0,0,0
411,CASMU,Centro Médico PEDIÁTRICO,575416,6137709,0,0,0,0,0,0,1.00,1.00,1.00,1.00,0,0,1.00,2.00,0,0,0,0,0,0,0,0,1.00,1.00,2.00,2.00,2.00,0,0,0,0,0,0,0,0,0,0,0,0,0,0,1.00,1.00,1.00,2.00,2.00,0,0,0,0,1.00,1.00,1.00,1.00,0,0,0,0,0,0,1.00,1.00,0,0,0,0,0,0,0,0,0,0,1.00,1.00,1.00,1.00,0,0,0,0,0,0,0,0,0,0,0,0,0,0,0,0,0,0,0,0
412,CASMU,CENTRO MEDICO PIEDRAS BLANCAS,578719,6146826,0,0,1.00,1.00,2.00,2.00,2.00,1.00,2.00,2.00,1.00,1.00,0,0,0,0,0,0,1.00,1.00,1.00,0,1.00,1.00,1.00,1.00,1.00,1.00,1.00,1.00,0,0,0,0,0,0,0,0,0,0,0,0,0,0,0,0,0,0,0,0,0,0,0,0,0,1.00,1.00,1.00,1.00,1.00,1.00,0,0,0,0,0,0,0,0,0,0,0,0,0,0,0,0,0,0,0,0,0,0,0,0,0,0,0,0,0,0,0,0,0,0,0
413,CASMU,PARQUE BATLLE,577713,6138139,0,0,1.00,1.00,1.00,1.00,1.00,0,0,0,1.00,1.00,1.00,1.00,0,0,0,0,2.00,2.00,2.00,1.00,1.00,2.00,2.00,1.00,0,0,1.00,2.00,1.00,0,0,0,1.00,1.00,1.00,0,0,0,0,0,1.00,1.00,1.00,0,0,0,0,0,0,1.00,1.00,1.00,0,0,1.00,1.00,1.00,1.00,2.00,2.00,0,0,0,0,0,0,0,0,0,1.00,2.00,2.00,1.00,0,1.00,1.00,0,0,0,0,0,0,0,0,0,0,0,0,0,0,0,0,0,0
501,CIRCULO CATOLICO,8 de octubre,576766,6138915,0,0,0,0,0,0,0,0,0,1.00,1.00,1.00,0,0,0,0,0,0,0,0,0,0,0,0,1.00,1.00,1.00,0,0,0,0,0,0,0,0,0,0,0,0,0,0,0,0,0,0,0,0,0,0,0,0,0,0,1.00,1.00,1.00,0,0,0,0,0,0,0,0,0,0,0,0,0,0,1.00,1.00,1.00,0,0,0,0,0,0,0,0,0,0,0,0,0,0,0,0,0,0,0,0,0,0,0
502,CIRCULO CATOLICO,Belvedere,570950,6142653,0,0,1.00,1.00,1.00,0,0,0,0,0,0,0,0,0,0,0,0,0,0,0,0,0,0,0,0,1.00,1.00,1.00,0,0,0,0,0,0,0,0,0,0,0,0,0,0,0,0,0,0,0,0,0,0,0,0,0,0,0,0,0,1.00,1.00,1.00,0,0,0,0,0,0,0,0,0,0,0,0,0,1.00,1.00,1.00,0,0,0,0,0,0,0,0,0,0,0,0,0,0,0,0,0,0,0,0
503,CIRCULO CATOLICO,Colón,570935,6148396,0,0,0,0,0,0,0,0,0,0,0,0,0,0,0,0,0,0,0,0,0,0,0,1.00,1.00,1.00,0,0,0,0,0,0,0,0,1.00,1.00,2.00,1.00,1.00,0,0,0,0,0,0,0,0,0,0,0,0,0,0,0,0,0,0,0,0,0,0,0,0,0,0,0,0,0,0,0,0,0,0,0,0,0,0,0,0,0,0,0,0,0,0,0,0,0,0,0,0,0,0,0,0,0
504,CIRCULO CATOLICO,Paso de la Arena,566655,6144851,0,0,0,0,0,0,0,0,0,0,0,0,0,0,0,0,0,0,0,0,0,0,0,0,1.00,1.00,1.00,0,0,0,0,0,0,0,0,0,0,0,1.00,1.00,1.00,0,0,0,0,0,0,0,0,0,0,0,0,0,0,1.00,1.00,1.00,0,0,0,0,0,0,0,0,0,0,0,0,0,0,0,0,0,0,0,0,0,0,0,0,0,0,0,0,0,0,0,0,0,0,0,0,0,0
505,CIRCULO CATOLICO,Sede Central,574952,6136942,0,0,1.00,1.00,1.00,1.00,1.00,1.00,0,1.00,1.00,2.00,1.00,1.00,0,0,0,0,1.00,1.00,1.00,1.00,1.00,1.00,1.00,1.00,2.00,2.00,2.00,1.00,0,0,0,0,1.00,1.00,1.00,0,0,0,0,0,0,1.00,1.00,1.00,0,0,0,0,0,0,1.00,1.00,1.00,0,1.00,1.00,1.00,0,1.00,1.00,1.00,0,0,0,1.00,1.00,1.00,1.00,1.00,1.00,0,0,0,0,0,0,0,0,0,0,1.00,1.00,1.00,1.00,1.00,1.00,0,0,0,0,0,0,0,0
601,COSEM,Policlínico Cataluña,577690,6138140,0,0,1.00,1.00,1.00,1.00,0,1.00,1.00,0,0,0,0,0,0,0,0,0,0,2.00,2.00,2.00,0,1.00,1.00,1.00,1.00,1.00,2.00,2.00,0,0,0,0,1.00,1.00,0,0,0,1.00,1.00,1.00,0,0,0,0,0,0,0,0,1.00,1.00,1.00,0,0,2.00,2.00,0,0,1.00,1.00,1.00,0,0,0,0,0,1.00,1.00,2.00,2.00,1.00,1.00,0,1.00,1.00,1.00,0,0,0,0,0,0,0,0,0,0,0,0,0,0,0,0,0,0,0
602,COSEM,Policlínico Malvin,580425,6139097,0,0,1.00,2.00,1.00,0,2.00,1.00,1.00,0,0,1.00,1.00,1.00,0,0,0,0,0,2.00,2.00,1.00,0,1.00,1.00,0,0,2.00,2.00,2.00,0,0,0,0,1.00,1.00,1.00,0,0,0,0,0,2.00,2.00,1.00,1.00,0,0,0,0,1.00,3.00,3.00,1.00,1.00,1.00,1.00,1.00,2.00,2.00,2.00,1.00,0,0,0,0,1.00,2.00,2.00,1.00,2.00,1.00,1.00,0,0,0,0,0,0,0,0,0,1.00,2.00,2.00,1.00,0,0,0,0,0,0,0,0,0,0
603,COSEM,Policlínico Pque. Batlle,576809,6138593,0,0,0,0,0,0,0,0,0,0,0,0,0,0,0,0,0,0,1.00,2.00,1.00,0,0,0,0,0,2.00,2.00,1.00,0,0,0,0,0,0,0,0,0,1.00,0,0,0,0,1.00,1.00,1.00,0,0,0,0,0,0,0,0,1.00,1.00,2.00,1.00,1.00,2.00,1.00,0,0,0,0,0,1.00,2.00,1.00,1.00,0,0,1.00,1.00,0,0,0,0,0,0,0,0,0,1.00,1.00,1.00,0,0,0,0,0,0,0,0,0,0
604,COSEM,Policlínico Rodó,576403,6136349,0,0,1.00,2.00,2.00,1.00,0,0,1.00,1.00,0,1.00,1.00,1.00,0,0,0,0,1.00,2.00,2.00,0,0,0,2.00,2.00,1.00,0,2.00,2.00,0,0,0,0,1.00,1.00,0,0,0,0,0,0,0,0,1.00,1.00,0,0,0,0,1.00,1.00,0,0,0,1.00,1.00,2.00,1.00,1.00,1.00,0,0,0,0,0,1.00,1.00,1.00,0,1.00,1.00,1.00,1.00,1.00,1.00,1.00,0,0,0,0,0,0,0,0,0,0,0,0,0,0,0,0,0,0,0
605,COSEM,Policlínico Vilamajo,576470,6137747,0,0,0,2.00,2.00,2.00,1.00,0,0,1.00,1.00,1.00,1.00,0,0,0,0,0,1.00,1.00,2.00,1.00,1.00,0,0,0,1.00,1.00,1.00,0,0,0,0,0,0,0,1.00,1.00,0,1.00,1.00,0,1.00,1.00,1.00,0,0,0,0,0,1.00,2.00,1.00,2.00,1.00,1.00,1.00,0,1.00,1.00,1.00,0,0,0,0,0,0,1.00,0,0,1.00,1.00,1.00,0,0,0,0,0,0,0,0,0,1.00,2.00,2.00,1.00,0,0,0,0,0,0,0,0,0,0
701,CUDAM,Cerro,568699,6139189,0,0,0,0,0,1.00,1.00,1.00,0,0,0,0,0,0,0,0,0,0,0,0,1.00,1.00,1.00,0,0,0,0,0,0,0,0,0,0,0,0,0,0,0,0,0,0,0,0,0,0,0,0,0,0,0,0,0,1.00,1.00,1.00,0,0,0,0,0,0,0,0,0,0,0,0,0,0,0,0,0,0,0,0,0,0,0,0,0,0,0,0,0,0,0,0,0,0,0,0,0,0,0,0,0
702,CUDAM,Colón,570994,6148354,0,0,1.00,1.00,1.00,0,0,0,0,0,0,1.00,1.00,1.00,0,0,0,0,1.00,1.00,1.00,1.00,1.00,1.00,0,0,0,0,0,0,0,0,0,0,0,1.00,1.00,1.00,1.00,1.00,1.00,0,0,0,0,0,0,0,0,0,0,0,0,1.00,1.00,2.00,1.00,2.00,1.00,1.00,0,0,0,0,0,0,1.00,1.00,1.00,0,0,0,0,0,0,1.00,1.00,1.00,0,0,0,0,0,1.00,0,0,0,0,0,0,0,0,0,0,0,0
703,CUDAM,Hospital Italiano,576323,6138129,0,0,1.00,1.00,1.00,1.00,1.00,1.00,1.00,1.00,1.00,0,0,0,0,0,0,0,1.00,1.00,1.00,0,1.00,1.00,1.00,0,0,0,0,0,0,0,0,0,0,0,0,0,1.00,1.00,1.00,0,0,0,0,0,0,0,0,0,1.00,1.00,1.00,1.00,1.00,1.00,0,0,0,0,0,0,0,0,0,0,0,0,0,0,0,0,0,0,0,1.00,1.00,1.00,0,0,0,0,0,0,0,0,0,0,0,0,0,0,0,0,0,0
704,CUDAM,Melilla,564128,6152449,0,0,0,0,0,0,0,0,0,0,0,0,0,0,0,0,0,0,0,0,0,0,0,0,0,0,0,0,0,0,0,0,0,0,0,0,0,0,0,0,0,0,0,0,0,0,0,0,0,0,0,0,0,0,0,1.00,1.00,1.00,0,0,0,0,0,0,0,0,0,0,0,0,0,0,0,0,0,0,0,0,0,0,0,0,0,0,0,0,0,0,0,0,0,0,0,0,0,0
705,CUDAM,Paso de la Arena,566075,6145087,0,0,0,0,0,1.00,1.00,1.00,0,0,0,0,0,0,0,0,0,0,0,0,0,0,0,1.00,1.00,1.00,0,0,0,0,0,0,0,0,0,0,0,1.00,1.00,1.00,0,0,0,0,0,0,0,0,0,0,0,0,0,0,0,0,0,0,0,0,0,0,0,0,0,0,0,0,0,0,0,1.00,1.00,1.00,0,0,0,0,0,0,0,0,0,0,0,0,0,0,0,0,0,0,0,0,0,0
706,CUDAM,Prado,572897,6140878,0,0,0,0,0,0,0,1.00,1.00,1.00,0,0,0,0,0,0,0,0,0,0,0,1.00,1.00,1.00,0,0,0,0,0,0,0,0,0,0,0,0,0,0,0,0,0,0,0,0,0,0,0,0,0,0,0,1.00,1.00,1.00,0,0,0,0,0,0,0,0,0,0,0,0,0,0,0,0,0,0,0,0,0,0,0,0,0,0,0,0,0,0,0,0,0,0,0,0,0,0,0,0,0,0
801,GREMCA,PEDIATRIA CENTRAL,577015,6139274,0,0,1.00,2.00,2.00,1.00,1.00,1.00,1.00,1.00,1.00,2.00,1.00,1.00,0,0,0,0,1.00,2.00,2.00,1.00,1.00,1.00,2.00,2.00,2.00,1.00,0,0,0,0,0,0,1.00,1.00,1.00,0,0,1.00,1.00,1.00,0,1.00,1.00,1.00,0,0,0,0,1.00,1.00,2.00,1.00,1.00,0,0,0,0,0,0,0,0,0,0,0,1.00,2.00,3.00,2.00,2.00,2.00,2.00,1.00,0,1.00,1.00,1.00,0,0,0,0,0,0,0,0,0,0,0,0,0,0,0,0,0,0
901,HOSPITAL BRITANICO,Clínica Central,576482,6138373,0,0,0,4.00,4.00,2.00,1.00,2.00,2.00,3.00,5.00,4.00,2.00,1.00,0,0,0,0,1.00,3.00,3.00,2.00,1.00,0,2.00,4.00,2.00,3.00,4.00,1.00,0,0,0,0,0,2.00,3.00,2.00,1.00,0,1.00,4.00,3.00,2.00,2.00,1.00,0,0,0,0,0,2.00,2.00,1.00,0,1.00,1.00,0,2.00,6.00,5.00,1.00,0,0,0,0,0,2.00,4.00,3.00,1.00,1.00,1.00,2.00,3.00,2.00,2.00,2.00,0,0,0,0,1.00,2.00,2.00,1.00,0,0,0,0,0,0,0,0,0,0
902,HOSPITAL BRITANICO,Policlínica Carrasco,583992,6139127,0,0,0,0,0,1.00,2.00,1.00,1.00,1.00,2.00,1.00,0,0,0,0,0,0,0,0,1.00,1.00,0,0,0,0,0,1.00,1.00,0,0,0,0,0,0,1.00,0,2.00,2.00,0,0,0,1.00,1.00,1.00,0,0,0,0,0,0,1.00,1.00,1.00,0,1.00,1.00,0,0,0,0,0,0,0,0,0,2.00,2.00,1.00,1.00,2.00,3.00,3.00,0,1.00,1.00,1.00,0,0,0,0,0,1.00,1.00,2.00,2.00,0,0,0,0,0,0,0,0,0,0
1001,HOSPITAL EVANGELICO,"Centro Médico Cordón - ""Carlos Comba""",575252,6137631,0,0,0,0,0,0,0,0,0,0,0,0,0,0,0,0,0,0,0,0,0,0,0,0,0,0,0,0,0,0,0,0,0,0,0,1.00,1.00,1.00,0,0,0,0,0,0,0,0,0,0,0,0,0,0,0,0,0,0,0,0,0,0,0,0,0,0,0,0,0,0,0,0,0,0,0,0,0,0,0,0,0,0,0,0,0,0,0,0,0,0,0,0,0,0,0,0,0,0
1002,HOSPITAL EVANGELICO,"CMF ""Nurse Delma Oreiro""",577207,6143622,0,0,0,0,0,0,0,0,0,1.00,1.00,1.00,0,0,0,0,0,0,0,0,0,0,0,0,0,0,0,0,0,0,0,0,0,0,0,0,0,1.00,1.00,1.00,0,0,0,0,0,0,0,0,0,0,0,0,1.00,1.00,1.00,0,0,0,0,0,0,0,0,0,0,0,0,0,0,0,0,0,0,0,0,0,0,0,0,0,0,0,0,0,0,0,0,0,0,0,0,0,0,0,0,0
1003,HOSPITAL EVANGELICO,CMF Aldo José Tosi,570501,6142217,0,0,0,0,0,0,0,0,0,0,0,0,0,0,0,0,0,0,0,0,0,0,0,0,1.00,1.00,1.00,0,0,0,0,0,0,0,0,0,0,0,0,0,0,0,0,0,0,0,0,0,0,0,0,0,0,0,0,0,0,0,1.00,1.00,1.00,0,0,0,0,0,0,0,0,0,0,0,0,0,0,0,0,0,0,0,0,0,1.00,1.00,1.00,0,0,0,0,0,0,0,0,0,0,0
1004,HOSPITAL EVANGELICO,Sede Central,577527,6140314,0,0,1.00,1.00,2.00,1.00,1.00,1.00,1.00,1.00,1.00,2.00,2.00,1.00,0,0,0,0,2.00,2.00,2.00,1.00,1.00,2.00,1.00,1.00,0,1.00,1.00,1.00,0,0,0,0,0,0,0,1.00,2.00,2.00,2.00,1.00,1.00,1.00,2.00,2.00,1.00,0,0,0,1.00,1.00,1.00,0,0,1.00,1.00,1.00,0,1.00,1.00,1.00,0,0,0,0,1.00,1.00,2.00,1.00,1.00,1.00,2.00,3.00,2.00,1.00,0,0,0,0,0,0,1.00,1.00,1.00,0,0,0,0,0,0,0,0,0,0,0
1101,MEDICA URUGUAYA,Sede Central,576485,6138504,0,1.00,7.00,3.00,4.00,2.00,7.00,1.00,5.00,5.00,2.00,2.00,5.00,2.00,1.00,0,0,1.00,7.00,3.00,6.00,2.00,5.00,5.00,1.00,5.00,5.00,1.00,4.00,1.00,1.00,0,0,1.00,7.00,3.00,5.00,1.00,7.00,3.00,3.00,5.00,3.00,2.00,3.00,1.00,1.00,0,0,1.00,5.00,4.00,4.00,2.00,4.00,3.00,3.00,4.00,6.00,2.00,3.00,2.00,1.00,0,0,1.00,7.00,4.00,4.00,2.00,7.00,2.00,2.00,3.00,7.00,1.00,6.00,2.00,1.00,0,0,1.00,5.00,3.00,3.00,1.00,2.00,1.00,0,0,0,0,0,0,0,0
1102,MEDICA URUGUAYA,Sucursal Cerrito,576669,6142909,0,1.00,1.00,2.00,1.00,1.00,1.00,1.00,1.00,1.00,2.00,1.00,1.00,1.00,1.00,0,0,1.00,1.00,1.00,1.00,1.00,1.00,2.00,1.00,1.00,1.00,1.00,1.00,1.00,1.00,0,0,1.00,1.00,2.00,1.00,1.00,1.00,1.00,2.00,1.00,1.00,1.00,1.00,1.00,1.00,0,0,1.00,1.00,2.00,1.00,1.00,1.00,1.00,1.00,1.00,1.00,1.00,1.00,1.00,1.00,0,0,1.00,1.00,2.00,1.00,1.00,1.00,1.00,1.00,1.00,2.00,1.00,1.00,1.00,1.00,0,0,1.00,2.00,1.00,1.00,1.00,1.00,1.00,1.00,1.00,1.00,1.00,1.00,1.00,1.00,0
1103,MEDICA URUGUAYA,Sucursal Colon,571150,6148169,0,1.00,1.00,2.00,1.00,1.00,1.00,1.00,1.00,1.00,1.00,1.00,2.00,1.00,1.00,0,0,1.00,1.00,1.00,1.00,2.00,1.00,1.00,1.00,1.00,1.00,2.00,1.00,1.00,1.00,0,0,1.00,1.00,1.00,1.00,1.00,1.00,2.00,1.00,1.00,1.00,1.00,2.00,1.00,1.00,0,0,1.00,1.00,1.00,2.00,1.00,1.00,1.00,1.00,1.00,1.00,1.00,2.00,1.00,1.00,0,0,1.00,1.00,1.00,1.00,2.00,1.00,1.00,2.00,1.00,1.00,2.00,1.00,1.00,1.00,0,0,1.00,2.00,1.00,1.00,1.00,1.00,1.00,0,0,0,0,0,0,0,0
1104,MEDICA URUGUAYA,Sucursal Malvin Alto,580751,6140857,0,1.00,1.00,2.00,1.00,1.00,1.00,2.00,1.00,1.00,1.00,1.00,2.00,1.00,1.00,0,0,1.00,1.00,2.00,1.00,1.00,1.00,2.00,1.00,1.00,1.00,1.00,2.00,1.00,1.00,0,0,1.00,1.00,1.00,1.00,2.00,1.00,1.00,2.00,1.00,1.00,1.00,2.00,1.00,1.00,0,0,1.00,1.00,2.00,1.00,1.00,1.00,1.00,1.00,1.00,2.00,1.00,1.00,1.00,1.00,0,0,1.00,1.00,2.00,1.00,1.00,1.00,1.00,2.00,1.00,1.00,1.00,2.00,1.00,1.00,0,0,1.00,3.00,1.00,1.00,1.00,1.00,1.00,0,0,0,0,0,0,0,0
1105,MEDICA URUGUAYA,Sucursal Paso Cerro,569599,6141346,0,1.00,1.00,1.00,2.00,1.00,1.00,1.00,1.00,1.00,2.00,1.00,2.00,1.00,1.00,0,0,1.00,1.00,2.00,1.00,1.00,1.00,1.00,2.00,1.00,1.00,1.00,2.00,1.00,1.00,0,0,1.00,1.00,2.00,1.00,1.00,1.00,1.00,2.00,1.00,1.00,1.00,1.00,1.00,1.00,0,0,1.00,1.00,1.00,1.00,1.00,1.00,1.00,2.00,1.00,1.00,1.00,1.00,1.00,1.00,0,0,1.00,1.00,2.00,1.00,1.00,1.00,2.00,1.00,1.00,1.00,1.00,2.00,1.00,1.00,0,0,1.00,2.00,1.00,1.00,1.00,1.00,1.00,0,0,0,0,0,0,0,0
1106,MEDICA URUGUAYA,Sucursal Piedras Blancas,578767,6147112,0,1.00,1.00,2.00,2.00,1.00,1.00,1.00,1.00,1.00,2.00,1.00,1.00,1.00,1.00,0,0,2.00,2.00,1.00,1.00,1.00,1.00,2.00,1.00,1.00,2.00,1.00,1.00,1.00,1.00,0,0,2.00,1.00,1.00,2.00,1.00,1.00,2.00,1.00,1.00,2.00,1.00,1.00,1.00,1.00,0,0,1.00,1.00,2.00,2.00,1.00,1.00,2.00,1.00,2.00,1.00,1.00,2.00,1.00,1.00,0,0,1.00,1.00,2.00,1.00,1.00,1.00,2.00,1.00,1.00,2.00,1.00,1.00,1.00,1.00,0,0,1.00,2.00,1.00,2.00,1.00,2.00,1.00,0,0,0,0,0,0,0,0
1201,MP,CARRASCO,585979,6138722,0,0,0,0,0,0,0,0,0,0,2.00,3.00,1.00,1.00,0,0,0,0,1.00,3.00,2.00,0,0,0,1.00,1.00,1.00,1.00,2.00,2.00,0,0,0,0,0,0,0,1.00,2.00,1.00,1.00,1.00,1.00,1.00,0,0,0,0,0,0,1.00,1.00,1.00,0,1.00,0,0,0,0,2.00,1.00,1.00,1.00,0,0,0,0,0,0,0,0,0,0,1.00,1.00,2.00,1.00,0,0,0,0,0,0,1.00,1.00,0,0,0,0,0,0,0,0,0,0,0
1202,MP,GOLF,576510,6135554,0,0,1.00,3.00,2.00,1.00,0,1.00,1.00,1.00,1.00,1.00,1.00,2.00,1.00,0,0,0,0,1.00,1.00,0,0,0,0,1.00,2.00,3.00,5.00,3.00,0,0,0,0,1.00,3.00,2.00,0,2.00,3.00,1.00,1.00,2.00,2.00,4.00,2.00,0,0,0,0,0,2.00,3.00,2.00,2.00,0,0,0,1.00,3.00,2.00,2.00,1.00,0,0,0,1.00,1.00,1.00,1.00,1.00,2.00,2.00,2.00,3.00,4.00,3.00,2.00,0,0,0,0,0,0,1.00,1.00,1.00,0,0,0,0,0,0,0,0,0
1301,SMI,CENTRO,574125,6137316,0,0,4.00,4.00,5.00,3.00,3.00,3.00,6.00,6.00,4.00,1.00,1.00,1.00,0,0,0,0,3.00,3.00,3.00,2.00,2.00,3.00,2.00,2.00,2.00,2.00,2.00,0,0,0,0,0,5.00,5.00,5.00,1.00,2.00,4.00,4.00,3.00,1.00,1.00,2.00,2.00,1.00,0,0,0,4.00,4.00,4.00,3.00,3.00,3.00,2.00,2.00,3.00,1.00,1.00,1.00,1.00,1.00,0,0,4.00,4.00,5.00,1.00,1.00,0,1.00,1.00,1.00,1.00,1.00,1.00,0,0,0,0,1.00,3.00,3.00,2.00,0,0,0,0,0,0,0,0,0,0
1302,SMI,CENTRO DE SALUD LA TEJA,570062,6141768,0,0,1.00,1.00,2.00,1.00,1.00,1.00,1.00,2.00,1.00,1.00,0,0,0,0,0,0,0,0,1.00,1.00,1.00,1.00,2.00,3.00,2.00,2.00,1.00,1.00,0,0,0,0,1.00,1.00,1.00,1.00,1.00,1.00,0,0,0,1.00,1.00,1.00,0,0,0,0,0,0,0,0,1.00,1.00,1.00,1.00,1.00,2.00,1.00,1.00,0,0,0,0,1.00,1.00,1.00,0,0,1.00,1.00,1.00,1.00,1.00,1.00,0,0,0,0,0,0,0,0,0,0,0,0,0,0,0,0,0,0,0
1303,SMI,CENTRO DE SALUD MALVIN ALTO,580714,6140776,0,0,1.00,1.00,1.00,1.00,1.00,0,0,1.00,1.00,1.00,0,0,0,0,0,0,1.00,1.00,1.00,0,0,0,1.00,1.00,2.00,2.00,2.00,1.00,0,0,0,0,0,0,1.00,1.00,1.00,0,0,0,1.00,1.00,1.00,0,0,0,0,0,1.00,1.00,1.00,0,0,0,0,0,1.00,1.00,1.00,0,0,0,0,0,0,0,0,1.00,1.00,2.00,1.00,2.00,1.00,1.00,0,0,0,0,0,0,0,0,0,0,0,0,0,0,0,0,0,0,0,0
1304,SMI,CLINICA DEL NINO Y ADOLESCENTE,577585,6139471,0,0,3.00,4.00,4.00,2.00,1.00,2.00,2.00,2.00,1.00,0,0,0,0,0,0,0,2.00,3.00,3.00,1.00,1.00,1.00,4.00,3.00,4.00,1.00,1.00,0,0,0,0,0,2.00,4.00,4.00,4.00,2.00,2.00,2.00,2.00,3.00,1.00,1.00,0,0,0,0,0,1.00,2.00,2.00,3.00,2.00,3.00,3.00,3.00,3.00,2.00,2.00,1.00,0,0,0,0,3.00,4.00,4.00,2.00,2.00,2.00,3.00,2.00,3.00,1.00,1.00,0,0,0,0,0,2.00,2.00,2.00,0,0,0,0,0,0,0,0,0,0,0
1305,SMI,UCM BELVEDERE,571007,6142693,0,0,0,0,0,0,0,0,0,0,0,0,0,0,0,0,0,0,0,0,0,0,0,0,0,0,1.00,1.00,1.00,0,0,0,0,0,0,0,0,0,0,0,0,0,0,0,0,0,0,0,0,0,0,0,0,0,0,0,0,0,0,0,0,0,0,0,0,0,0,0,0,0,0,0,0,0,0,0,0,0,0,0,0,0,0,0,0,0,0,0,0,0,0,0,0,0,0,0
1306,SMI,UCM CARRASCO,586207,6138698,0,0,0,0,0,0,0,0,0,0,0,0,0,0,0,0,0,0,0,0,0,0,0,0,0,0,0,0,0,0,0,0,0,0,0,0,0,0,0,0,0,0,0,0,0,0,0,0,0,0,0,0,0,0,0,0,0,0,0,0,0,0,0,0,0,0,0,1.00,1.00,1.00,0,0,0,0,0,0,0,0,0,0,0,0,0,0,0,0,0,0,0,0,0,0,0,0,0,0
1401,UNIVERSAL,Policlínica Central,573678,6142014,0,0,2.00,3.00,4.00,2.00,3.00,2.00,4.00,3.00,4.00,3.00,2.00,1.00,0,0,0,0,0,1.00,1.00,1.00,3.00,3.00,3.00,0,2.00,2.00,2.00,0,0,0,0,0,1.00,3.00,3.00,4.00,2.00,2.00,1.00,1.00,1.00,0,1.00,1.00,1.00,0,0,0,1.00,2.00,2.00,1.00,1.00,1.00,2.00,1.00,2.00,2.00,2.00,1.00,0,0,0,0,1.00,1.00,1.00,1.00,3.00,4.00,3.00,2.00,2.00,2.00,1.00,0,0,0,0,0,1.00,2.00,3.00,2.00,1.00,0,1.00,1.00,1.00,0,0,0,0,0
1402,UNIVERSAL,Policlínica Curva de Maroñas,579196,6142082,0,0,0,1.00,1.00,1.00,0,1.00,1.00,1.00,1.00,2.00,2.00,1.00,0,0,0,0,2.00,3.00,3.00,1.00,1.00,1.00,1.00,1.00,2.00,2.00,1.00,0,0,0,0,0,1.00,2.00,2.00,1.00,0,1.00,1.00,1.00,1.00,1.00,1.00,0,0,0,0,0,0,1.00,1.00,1.00,1.00,1.00,2.00,2.00,2.00,2.00,1.00,1.00,0,0,0,0,2.00,3.00,3.00,1.00,0,1.00,1.00,1.00,1.00,1.00,1.00,0,0,0,0,0,0,2.00,2.00,2.00,1.00,1.00,1.00,0,0,0,0,0,0,0
1403,UNIVERSAL,Policlínica Garzón,570973,6143389,0,0,1.00,1.00,1.00,0,0,0,1.00,1.00,2.00,1.00,1.00,0,0,0,0,0,0,1.00,1.00,1.00,0,0,0,0,1.00,1.00,1.00,0,0,0,0,0,1.00,1.00,1.00,0,1.00,1.00,1.00,2.00,2.00,2.00,0,0,0,0,0,0,0,1.00,1.00,1.00,1.00,1.00,1.00,1.00,1.00,1.00,0,0,0,0,0,0,0,1.00,1.00,1.00,0,0,1.00,1.00,1.00,0,0,0,0,0,0,0,1.00,1.00,1.00,0,0,0,0,0,0,0,0,0,0,0
1501,IMM,Policlínica Inve 16,581219,6140020,0,0,2.00,2.00,2.00,2.00,2.00,2.00,2.00,2.00,0,0,0,0,0,0,0,0,2.00,2.00,2.00,2.00,2.00,2.00,2.00,2.00,0,0,0,0,0,0,0,0,2.00,2.00,2.00,2.00,2.00,2.00,2.00,2.00,0,0,0,0,0,0,0,0,2.00,2.00,2.00,2.00,2.00,2.00,2.00,2.00,0,0,0,0,0,0,0,0,2.00,2.00,2.00,2.00,2.00,2.00,2.00,2.00,0,0,0,0,0,0,0,0,0,0,0,0,0,0,0,0,0,0,0,0,0,0
1502,IMM,Policlínica Lavalleja,573253,6144652,0,0,0,0,0,0,1.00,1.00,1.00,1.00,0,0,0,0,0,0,0,0,0,0,0,0,1.00,1.00,1.00,1.00,0,0,0,0,0,0,0,0,1.00,1.00,1.00,1.00,0,0,0,0,0,0,0,0,0,0,0,0,0,0,0,0,0,0,0,0,0,0,0,0,0,0,0,0,1.00,1.00,1.00,1.00,0,0,0,0,0,0,0,0,0,0,0,0,0,0,0,0,0,0,0,0,0,0,0,0,0,0
1503,IMM,Policlínica Punta de Rieles,582147,6146066,0,0,1.00,1.00,0,0,0,0,0,0,0,0,0,0,0,0,0,0,1.00,1.00,0,0,0,0,0,0,0,0,0,0,0,0,0,0,1.00,1.00,0,0,0,0,0,0,0,0,0,0,0,0,0,0,1.00,1.00,0,0,0,0,0,0,0,0,0,0,0,0,0,0,1.00,1.00,0,0,0,0,0,0,0,0,0,0,0,0,0,0,0,0,0,0,0,0,0,0,0,0,0,0,0,0
1504,IMM,Policlínica Barrio Sur,574182,6136426,0,0,0,0,0,0,0,1.00,1.00,1.00,1.00,0,0,0,0,0,0,0,0,0,0,0,0,1.00,1.00,1.00,1.00,0,0,0,0,0,0,0,0,0,0,0,0,1.00,1.00,1.00,1.00,0,0,0,0,0,0,0,0,0,0,0,0,1.00,1.00,1.00,1.00,0,0,0,0,0,0,0,1.00,1.00,1.00,1.00,0,0,0,0,0,0,0,0,0,0,0,0,0,0,0,0,0,0,0,0,0,0,0,0,0,0
1505,IMM,Policlínica Giraldez,579277,6150575,0,0,0,0,0,1.00,1.00,1.00,1.00,1.00,0,0,0,0,0,0,0,0,1.00,1.00,1.00,1.00,1.00,0,0,0,0,0,0,0,0,0,0,0,0,0,0,1.00,1.00,1.00,1.00,1.00,0,0,0,0,0,0,0,0,0,0,0,1.00,1.00,1.00,1.00,1.00,0,0,0,0,0,0,0,0,0,0,0,1.00,1.00,1.00,1.00,1.00,0,0,0,0,0,0,0,0,0,0,0,0,0,0,0,0,0,0,0,0,0,0
1506,IMM,Policlínica Los Angles,575486,6146215,0,0,0,0,0,0,0,0,0,0,0,0,0,0,0,0,0,0,0,0,0,0,0,0,0,0,0,0,0,0,0,0,0,0,0,0,0,0,0,0,1.00,1.00,0,0,0,0,0,0,0,0,0,0,0,0,0,0,0,0,0,0,0,0,0,0,0,0,0,0,0,0,0,0,0,0,0,0,0,0,0,0,0,0,0,0,0,0,0,0,0,0,0,0,0,0,0,0
1507,IMM,Policlínica Zully Sanchez,573137,6145805,0,0,1.00,1.00,1.00,1.00,1.00,0,0,0,0,0,0,0,0,0,0,0,0,0,0,0,0,0,0,0,0,0,0,0,0,0,0,0,0,0,0,0,0,0,0,0,0,0,0,0,0,0,0,0,1.00,1.00,1.00,0,0,0,0,0,0,0,0,0,0,0,0,0,1.00,1.00,1.00,0,0,0,0,0,0,0,0,0,0,0,0,0,0,0,0,0,0,0,0,0,0,0,0,0,0,0
1508,IMM,Policlínica La Teja,569847,6141554,0,0,1.00,1.00,1.00,1.00,0,0,0,0,0,0,0,0,0,0,0,0,1.00,1.00,1.00,1.00,0,0,0,0,0,0,0,0,0,0,0,0,1.00,1.00,1.00,1.00,0,0,0,0,0,0,0,0,0,0,0,0,1.00,1.00,1.00,1.00,0,0,0,0,0,0,0,0,0,0,0,0,1.00,1.00,1.00,1.00,0,0,0,0,0,0,0,0,0,0,0,0,0,0,0,0,0,0,0,0,0,0,0,0,0,0
1509,IMM,Policlínica Aquiles Lanza,570273,6143974,0,0,0,0,0,0,0,1.00,1.00,1.00,1.00,0,0,0,0,0,0,0,1.00,1.00,1.00,1.00,0,1.00,1.00,1.00,1.00,0,0,0,0,0,0,0,0,0,0,2.00,2.00,2.00,2.00,0,0,0,0,0,0,0,0,0,1.00,1.00,1.00,1.00,1.00,1.00,1.00,1.00,0,0,0,0,0,0,0,0,0,0,0,1.00,1.00,1.00,1.00,0,0,0,0,0,0,0,0,0,0,0,0,0,0,0,0,0,0,0,0,0,0,0
1510,IMM,Policlínica Casabó,566691,6139320,0,0,1.00,1.00,1.00,1.00,0,0,0,0,0,0,0,0,0,0,0,0,1.00,1.00,1.00,1.00,0,0,0,0,0,0,0,0,0,0,0,0,1.00,1.00,1.00,1.00,0,0,0,0,0,0,0,0,0,0,0,0,1.00,1.00,1.00,1.00,0,0,0,0,0,0,0,0,0,0,0,0,1.00,1.00,1.00,1.00,0,0,0,0,0,0,0,0,0,0,0,0,0,0,0,0,0,0,0,0,0,0,0,0,0,0
1511,IMM,Policlínica Parque Bellán,571214,6142683,0,0,0,0,0,0,0,0,0,0,0,0,0,0,0,0,0,0,0,0,0,0,0,0,0,0,0,0,0,0,0,0,0,0,1.00,1.00,1.00,1.00,0,0,0,0,0,0,0,0,0,0,0,0,0,0,0,0,0,0,0,0,0,0,0,0,0,0,0,0,0,0,0,0,0,0,0,0,0,0,0,0,0,0,0,0,0,0,0,0,0,0,0,0,0,0,0,0,0,0
1512,IMM,Policlínica Yucatán,577852,6141415,0,0,0,0,0,0,1.00,1.00,1.00,1.00,1.00,0,0,0,0,0,0,0,0,1.00,1.00,1.00,1.00,0,0,0,0,0,0,0,0,0,0,0,0,0,0,0,0,1.00,1.00,1.00,1.00,0,0,0,0,0,0,0,0,0,0,0,0,1.00,1.00,1.00,1.00,0,0,0,0,0,0,0,0,0,0,0,0,1.00,1.00,1.00,1.00,0,0,0,0,0,0,0,0,0,0,0,0,0,0,0,0,0,0,0,0,0
1513,IMM,Policlínica Irma Gentile,576521,6140843,0,0,0,0,0,0,0,0,0,0,0,0,0,0,0,0,0,0,0,0,0,0,0,0,0,0,0,0,0,0,0,0,0,0,0,0,0,0,0,0,0,0,0,0,0,0,0,0,0,0,0,0,0,0,0,0,0,0,0,0,0,0,0,0,0,0,1.00,1.00,1.00,1.00,1.00,1.00,0,0,0,0,0,0,0,0,0,0,0,0,0,0,0,0,0,0,0,0,0,0,0,0
1514,IMM,Policlínica Paso de la Arena,566493,6144842,0,0,0,0,0,0,0,0,0,0,0,0,0,0,0,0,0,0,0,0,0,0,0,2.00,2.00,2.00,2.00,0,0,0,0,0,0,0,0,0,0,0,0,2.00,2.00,2.00,2.00,0,0,0,0,0,0,0,0,0,0,0,0,1.00,1.00,1.00,1.00,0,0,0,0,0,0,0,0,0,0,0,0,1.00,1.00,1.00,1.00,0,0,0,0,0,0,0,0,0,0,0,0,0,0,0,0,0,0,0,0,0
1515,IMM,Policlínica Casavalle,575555,6145115,0,0,0,0,0,0,0,0,0,0,0,0,0,0,0,0,0,0,0,0,0,0,0,0,0,0,0,0,0,0,0,0,0,0,0,0,0,0,0,0,0,0,0,0,0,0,0,0,0,0,1.00,1.00,1.00,1.00,0,0,0,0,0,0,0,0,0,0,0,0,1.00,1.00,1.00,1.00,0,0,0,0,0,0,0,0,0,0,0,0,0,0,0,0,0,0,0,0,0,0,0,0,0,0
1516,IMM,Policlínica Luisa Tiraparé,575260,6137888,0,0,0,0,0,0,1.00,1.00,1.00,1.00,1.00,0,0,0,0,0,0,0,0,1.00,1.00,1.00,1.00,0,0,0,0,0,0,0,0,0,0,0,0,1.00,1.00,1.00,1.00,0,0,0,0,0,0,0,0,0,0,0,1.00,1.00,1.00,1.00,1.00,1.00,1.00,1.00,1.00,0,0,0,0,0,0,0,0,0,0,0,0,0,0,0,0,0,0,0,0,0,0,0,0,0,0,0,0,0,0,0,0,0,0,0,0,0
1601,BPS,CERRO,568395,6140548,0,0,0,1.00,1.00,1.00,1.00,1.00,0,0,0,0,0,0,0,0,0,0,1.00,2.00,2.00,2.00,2.00,2.00,0,0,0,0,0,0,0,0,0,0,0,1.00,1.00,1.00,1.00,1.00,0,0,0,0,0,0,0,0,0,0,0,1.00,1.00,1.00,1.00,1.00,0,0,0,0,0,0,0,0,0,0,1.00,2.00,2.00,2.00,1.00,1.00,0,0,0,0,0,0,0,0,0,0,0,0,0,0,0,0,0,0,0,0,0,0,0,0
1602,BPS,SAYAGO,571223,6145358,0,0,0,0,0,0,0,0,0,0,0,0,0,0,0,0,0,0,0,0,0,0,0,0,0,0,0,0,0,0,0,0,0,0,1.00,1.00,1.00,1.00,1.00,0,0,0,0,0,0,0,0,0,0,0,0,0,0,0,1.00,1.00,1.00,1.00,1.00,0,0,0,0,0,0,0,0,0,0,0,0,0,0,0,0,0,0,0,0,0,0,0,0,0,0,0,0,0,0,0,0,0,0,0,0,0
1603,BPS,UNIÓN,578825,6140659,0,0,1.00,1.00,1.00,1.00,2.00,1.00,1.00,1.00,1.00,0,0,0,0,0,0,0,2.00,2.00,2.00,2.00,2.00,0,0,0,0,0,0,0,0,0,0,0,1.00,1.00,1.00,1.00,2.00,1.00,1.00,1.00,1.00,0,0,0,0,0,0,0,2.00,2.00,2.00,2.00,2.00,0,0,0,0,0,0,0,0,0,0,0,1.00,1.00,1.00,1.00,2.00,1.00,1.00,1.00,1.00,0,0,0,0,0,0,0,0,0,0,0,0,0,0,0,0,0,0,0,0,0
